,matricula_total,pas_filas_archivo_anual,pme_acciones,pme_log10_total_mas1,pme_pct_senal_revision,simce_4b_lect,simce_4b_mate,idps_4b_AM,idps_4b_CC
matricula_total,1.0,0.1929555339828227,0.502286956688834,0.47650733084502855,-0.632642618317685,0.16936981830004666,0.32727441468022395,-0.12231357605145164,-0.18260740529007433
pas_filas_archivo_anual,0.1929555339828227,1.0,0.04047695471031623,0.14846245892641996,-0.03414945162854954,-0.14131236095619504,-0.2701267786751988,-0.1851994977992396,0.09670625978086432
pme_acciones,0.502286956688834,0.04047695471031623,1.0,0.4747917965060804,-0.3055274821076465,0.05210946734607887,0.28430238034459043,-0.17356781157451445,-0.32676160073561317
pme_log10_total_mas1,0.47650733084502855,0.14846245892641996,0.4747917965060804,1.0,-0.5430497059819452,-0.06282257397053931,0.1377560475910453,-0.010063160556368323,-0.2189730479581996
pme_pct_senal_revision,-0.632642618317685,-0.03414945162854954,-0.3055274821076465,-0.5430497059819452,1.0,0.05279653164570019,-0.1206930651778063,-0.09774288400752391,0.009432270549081542
simce_4b_lect,0.16936981830004666,-0.14131236095619504,0.05210946734607887,-0.06282257397053931,0.05279653164570019,1.0,0.7576537521894471,0.3409580043186581,0.265016749191589
simce_4b_mate,0.32727441468022395,-0.2701267786751988,0.28430238034459043,0.1377560475910453,-0.1206930651778063,0.7576537521894471,1.0,0.27028586621667533,0.17771749869851763
idps_4b_AM,-0.12231357605145164,-0.1851994977992396,-0.17356781157451445,-0.010063160556368323,-0.09774288400752391,0.3409580043186581,0.27028586621667533,1.0,0.7496782557917747
idps_4b_CC,-0.18260740529007433,0.09670625978086432,-0.32676160073561317,-0.2189730479581996,0.009432270549081542,0.265016749191589,0.17771749869851763,0.7496782557917747,1.0
