anio,grado,indicador_std,n,faltantes,ceros,media,mediana,desv_est,IQR,MAD,min,Q25,Q75,Q90,Q95,Q99,max
2023,2m,AM,23.0,1.0,0.0,74.30434782608695,73.0,4.655737248606631,5.5,3.0,70.0,71.0,76.5,79.0,82.6,86.9,88.0
2023,2m,CC,23.0,1.0,0.0,74.56521739130434,73.0,5.264167783286632,6.0,3.0,66.0,71.0,77.0,80.6,84.6,88.12,89.0
2023,2m,HV,23.0,1.0,0.0,68.6086956521739,68.0,5.828917960048867,5.5,3.0,57.0,65.5,71.0,75.0,79.5,81.56,82.0
2023,2m,PF,23.0,1.0,0.0,77.30434782608695,76.0,5.252140538595111,6.5,3.0,71.0,73.5,80.0,84.8,87.69999999999999,89.56,90.0
2023,4b,AM,32.0,0.0,0.0,71.78125,71.5,4.870810855196163,7.25,3.5,63.0,68.0,75.25,78.0,79.0,79.0,79.0
2023,4b,CC,32.0,0.0,0.0,73.65625,73.0,4.632350305712934,5.5,2.5,66.0,71.75,77.25,80.9,81.45,82.69,83.0
2023,4b,HV,32.0,0.0,0.0,68.375,69.0,4.750212219367916,6.0,3.0,51.0,66.0,72.0,73.0,74.45,75.69,76.0
2023,4b,PF,32.0,0.0,0.0,74.96875,74.0,4.741609737549665,6.25,3.0,66.0,72.0,78.25,81.0,82.9,84.0,84.0
2024,2m,AM,24.0,0.0,0.0,73.66666666666667,73.5,4.975301316343141,6.5,3.5,66.0,69.75,76.25,79.4,83.39999999999999,84.77,85.0
2024,2m,CC,24.0,0.0,0.0,74.16666666666667,73.0,4.5936313821814565,8.0,3.0,68.0,70.0,78.0,80.4,81.85,83.53999999999999,84.0
2024,2m,HV,24.0,0.0,0.0,69.20833333333333,68.0,5.364773723229087,5.5,3.0,61.0,65.75,71.25,77.4,78.85,80.53999999999999,81.0
2024,2m,PF,24.0,0.0,0.0,76.375,76.5,5.165205496985281,6.25,3.5,68.0,73.0,79.25,83.1,84.85,87.31,88.0
2024,4b,AM,32.0,1.0,0.0,72.0,71.0,5.429905244821676,5.25,3.0,63.0,68.75,74.0,80.9,82.9,84.0,84.0
2024,4b,CC,31.0,2.0,0.0,73.29032258064517,74.0,6.1383686670379385,8.0,4.0,60.0,70.0,78.0,80.0,82.0,83.4,84.0
2024,4b,HV,32.0,1.0,0.0,69.21875,70.0,5.185179718165747,7.5,4.0,57.0,64.75,72.25,74.9,77.45,78.69,79.0
2024,4b,PF,32.0,1.0,0.0,75.40625,76.0,6.252015803955011,7.0,3.0,62.0,72.0,79.0,82.9,85.8,88.0,88.0
2024,6b,AM,32.0,1.0,0.0,73.375,74.0,4.225498634442735,4.25,3.0,64.0,71.0,75.25,78.0,79.0,81.76,83.0
2024,6b,CC,31.0,2.0,0.0,74.41935483870968,75.0,4.8426865377831145,6.0,3.0,66.0,71.5,77.5,80.0,82.5,83.0,83.0
2024,6b,HV,32.0,1.0,0.0,69.21875,68.5,3.841491435837506,3.5,2.0,57.0,67.75,71.25,73.9,75.0,76.38,77.0
2024,6b,PF,32.0,1.0,0.0,76.9375,77.0,5.155251002931458,5.25,3.0,62.0,74.75,80.0,82.9,83.45,84.69,85.0
2025,2m,AM,24.0,0.0,0.0,74.20833333333333,74.5,5.004164932000809,4.75,3.0,62.0,71.75,76.5,79.0,79.85,86.16,88.0
2025,2m,CC,24.0,0.0,0.0,75.41666666666667,76.0,5.020970516497406,6.25,3.0,63.0,73.0,79.25,80.7,81.0,83.31,84.0
2025,2m,HV,24.0,0.0,0.0,70.33333333333333,70.5,6.383856451112118,9.25,5.0,60.0,65.0,74.25,78.8,80.85,82.53999999999999,83.0
2025,2m,PF,24.0,0.0,0.0,77.41666666666667,77.5,5.911791214371398,3.75,1.5,65.0,76.0,79.75,83.7,85.69999999999999,89.08,90.0
2025,4b,AM,32.0,0.0,0.0,72.5625,72.5,4.4860896112315904,6.0,3.0,62.0,69.0,75.0,77.9,80.35,82.69,83.0
2025,4b,CC,32.0,0.0,0.0,73.625,74.0,4.722970634346907,6.25,3.0,62.0,70.75,77.0,79.0,80.0,81.38,82.0
2025,4b,HV,32.0,0.0,0.0,69.0625,69.0,3.92623516624325,6.0,3.0,61.0,66.0,72.0,74.0,75.45,76.69,77.0
2025,4b,PF,32.0,0.0,0.0,76.15625,76.0,4.886514524029207,5.0,2.0,64.0,73.0,78.0,82.9,84.9,87.38,88.0
2025,8b,AM,32.0,0.0,0.0,72.65625,73.0,5.270792160577003,6.25,4.0,60.0,69.0,75.25,78.0,79.45,86.21000000000001,89.0
2025,8b,CC,30.0,2.0,0.0,73.1,73.0,6.059190796092187,6.5,3.5,59.0,70.25,76.75,80.0,81.64999999999999,85.84,87.0
2025,8b,HV,32.0,0.0,0.0,68.375,70.0,6.656309158452845,5.0,3.0,48.0,66.0,71.0,75.9,77.9,80.38,81.0
2025,8b,PF,32.0,0.0,0.0,75.5,75.0,6.6332495807108,9.25,5.0,60.0,71.75,81.0,82.9,84.35,89.45,91.0
