ubicacion,archivo,familia,que_contiene,uso,MB
Vigente,/Users/red/Code/Auditoría Colegios - BI/datos/DICCIONARIO.md,Documentación,"Campos, llaves y límites",Metadatos,0.004
Vigente,/Users/red/Code/Auditoría Colegios - BI/datos/extraidos/la_cisterna/fuentes.json,Procedencia,"URL, fecha y/o SHA-256",Metadatos,0.004
Vigente,/Users/red/Code/Auditoría Colegios - BI/datos/extraidos/la_cisterna/idps_la_cisterna_2023_2025.json,Agencia,Resultados o cobertura por aplicación,Activo; no sumar copias,0.477
Vigente,/Users/red/Code/Auditoría Colegios - BI/datos/extraidos/la_cisterna/manifiesto_extraccion.json,Procedencia,"URL, fecha y/o SHA-256",Metadatos,0.002
Vigente,/Users/red/Code/Auditoría Colegios - BI/datos/extraidos/la_cisterna/pme_la_cisterna_2024.csv,Mineduc / PME,"Acciones, estimaciones y avance, o tablas derivadas",La Cisterna 2024 activo; nacional/pilotos históricos,0.072
Vigente,/Users/red/Code/Auditoría Colegios - BI/datos/extraidos/la_cisterna/procesos_supereduc_la_cisterna_2022_2025.json,Supereduc / PAS,"Procesos, diccionario o revisión de materia",Activo; no es gasto rechazado,0.1
Vigente,/Users/red/Code/Auditoría Colegios - BI/datos/extraidos/la_cisterna/simce_la_cisterna_2023_2025.json,Agencia,Resultados o cobertura por aplicación,Activo; no sumar copias,0.155
Vigente,/Users/red/Code/Auditoría Colegios - BI/datos/extraidos/la_cisterna/universo_la_cisterna_2022_2025.json,Directorio local,Censo filtrado de La Cisterna,Usar censo anual 2022–2025,0.07
Vigente,/Users/red/Code/Auditoría Colegios - BI/datos/fuentes.json,Procedencia,"URL, fecha y/o SHA-256",Metadatos,0.004
Vigente,/Users/red/Code/Auditoría Colegios - BI/datos/manifiesto_recuperacion_local.json,Procedencia,"URL, fecha y/o SHA-256",Metadatos,0.003
Vigente,/Users/red/Code/Auditoría Colegios - BI/datos/originales/20250926_Directorio_Oficial_EE_2025_20250430_WEB.csv,Directorio,Censo nacional anual,2022–2025 activo; anteriores históricos,3.778
Vigente,/Users/red/Code/Auditoría Colegios - BI/datos/originales/ER_Directorio_Oficial_EE_WEB.pdf,Directorio,Diccionario de campos y códigos,Metadatos,0.468
Vigente,/Users/red/Code/Auditoría Colegios - BI/datos/originales/agencia_idps_2023.rar,Agencia,Resultados o cobertura por aplicación,Activo; no sumar copias,14.4
Vigente,/Users/red/Code/Auditoría Colegios - BI/datos/originales/agencia_idps_2024.rar,Agencia,Resultados o cobertura por aplicación,Activo; no sumar copias,31.928
Vigente,/Users/red/Code/Auditoría Colegios - BI/datos/originales/agencia_idps_2025.rar,Agencia,Resultados o cobertura por aplicación,Activo; no sumar copias,37.011
Vigente,/Users/red/Code/Auditoría Colegios - BI/datos/originales/agencia_simce_2023.rar,Agencia,Resultados o cobertura por aplicación,Activo; no sumar copias,2.176
Vigente,/Users/red/Code/Auditoría Colegios - BI/datos/originales/agencia_simce_2024.rar,Agencia,Resultados o cobertura por aplicación,Activo; no sumar copias,3.538
Vigente,/Users/red/Code/Auditoría Colegios - BI/datos/originales/agencia_simce_2025.rar,Agencia,Resultados o cobertura por aplicación,Activo; no sumar copias,3.651
Vigente,/Users/red/Code/Auditoría Colegios - BI/datos/originales/chilecompra/municipal_2022_Sem1.7z,ChileCompra,Paquete semestral OC por ítem/cotización,Original activo,0.926
Vigente,/Users/red/Code/Auditoría Colegios - BI/datos/originales/chilecompra/municipal_2022_Sem2.7z,ChileCompra,Paquete semestral OC por ítem/cotización,Original activo,0.226
Vigente,/Users/red/Code/Auditoría Colegios - BI/datos/originales/chilecompra/municipal_2023_Sem1.7z,ChileCompra,Paquete semestral OC por ítem/cotización,Original activo,0.391
Vigente,/Users/red/Code/Auditoría Colegios - BI/datos/originales/chilecompra/municipal_2023_Sem2.7z,ChileCompra,Paquete semestral OC por ítem/cotización,Original activo,0.613
Vigente,/Users/red/Code/Auditoría Colegios - BI/datos/originales/chilecompra/municipal_2024_Sem1.7z,ChileCompra,Paquete semestral OC por ítem/cotización,Original activo,0.592
Vigente,/Users/red/Code/Auditoría Colegios - BI/datos/originales/chilecompra/municipal_2024_Sem2.7z,ChileCompra,Paquete semestral OC por ítem/cotización,Original activo,0.75
Vigente,/Users/red/Code/Auditoría Colegios - BI/datos/originales/chilecompra/slep_2025_Sem1.7z,ChileCompra,Paquete semestral OC por ítem/cotización,Original activo,0.026
Vigente,/Users/red/Code/Auditoría Colegios - BI/datos/originales/chilecompra/slep_2025_Sem2.7z,ChileCompra,Paquete semestral OC por ítem/cotización,Original activo,0.05
Vigente,/Users/red/Code/Auditoría Colegios - BI/datos/originales/directorio_2022.csv,Directorio,Censo nacional anual,2022–2025 activo; anteriores históricos,3.274
Vigente,/Users/red/Code/Auditoría Colegios - BI/datos/originales/directorio_2023.csv,Directorio,Censo nacional anual,2022–2025 activo; anteriores históricos,3.661
Vigente,/Users/red/Code/Auditoría Colegios - BI/datos/originales/directorio_2024.csv,Directorio,Censo nacional anual,2022–2025 activo; anteriores históricos,3.668
Vigente,/Users/red/Code/Auditoría Colegios - BI/datos/originales/directorio_2024.rar,Directorio,Censo nacional anual,2022–2025 activo; anteriores históricos,0.885
Vigente,/Users/red/Code/Auditoría Colegios - BI/datos/originales/directorio_2025.rar,Directorio,Censo nacional anual,2022–2025 activo; anteriores históricos,0.936
Vigente,/Users/red/Code/Auditoría Colegios - BI/datos/originales/pas_2022.xlsx,Supereduc / PAS,"Procesos, diccionario o revisión de materia",Activo; no es gasto rechazado,1.422
Vigente,/Users/red/Code/Auditoría Colegios - BI/datos/originales/pas_2023.xlsx,Supereduc / PAS,"Procesos, diccionario o revisión de materia",Activo; no es gasto rechazado,2.399
Vigente,/Users/red/Code/Auditoría Colegios - BI/datos/originales/pas_2024.xlsx,Supereduc / PAS,"Procesos, diccionario o revisión de materia",Activo; no es gasto rechazado,2.616
Vigente,/Users/red/Code/Auditoría Colegios - BI/datos/originales/pas_2025.xlsx,Supereduc / PAS,"Procesos, diccionario o revisión de materia",Activo; no es gasto rechazado,1.38
Vigente,/Users/red/Code/Auditoría Colegios - BI/datos/originales/pas_diccionario.pdf,Supereduc / PAS,"Procesos, diccionario o revisión de materia",Activo; no es gasto rechazado,0.401
Vigente,/Users/red/Code/Auditoría Colegios - BI/datos/originales/pme_diccionario_2024.pdf,Mineduc / PME,Diccionario de variables,La Cisterna 2024 activo; nacional/pilotos históricos,0.278
Vigente,/Users/red/Code/Auditoría Colegios - BI/datos/originales/pme_implementacion_2024.xlsx,Mineduc / PME,"Acciones, estimaciones y avance, o tablas derivadas",La Cisterna 2024 activo; nacional/pilotos históricos,43.921
Vigente,/Users/red/Code/Auditoría Colegios - BI/datos/originales/supereduc_pas_2022.zip,Supereduc / PAS,"Procesos, diccionario o revisión de materia",Activo; no es gasto rechazado,1.305
Vigente,/Users/red/Code/Auditoría Colegios - BI/datos/originales/supereduc_pas_2023.zip,Supereduc / PAS,"Procesos, diccionario o revisión de materia",Activo; no es gasto rechazado,2.182
Vigente,/Users/red/Code/Auditoría Colegios - BI/datos/originales/supereduc_pas_2024.zip,Supereduc / PAS,"Procesos, diccionario o revisión de materia",Activo; no es gasto rechazado,2.302
Vigente,/Users/red/Code/Auditoría Colegios - BI/datos/originales/supereduc_pas_2025.zip,Supereduc / PAS,"Procesos, diccionario o revisión de materia",Activo; no es gasto rechazado,1.293
Vigente,/Users/red/Code/Auditoría Colegios - BI/datos/originales/supereduc_pas_diccionario.zip,Supereduc / PAS,"Procesos, diccionario o revisión de materia",Activo; no es gasto rechazado,0.402
Vigente,/Users/red/Code/Auditoría Colegios - BI/datos/procesados/idps_la_cisterna_2023_2025.json,Agencia,Resultados o cobertura por aplicación,Activo; no sumar copias,0.477
Vigente,/Users/red/Code/Auditoría Colegios - BI/datos/procesados/la_cisterna/cobertura_agencia_por_grado.csv,Agencia,Resultados o cobertura por aplicación,Activo; no sumar copias,0.001
Vigente,/Users/red/Code/Auditoría Colegios - BI/datos/procesados/la_cisterna/controles_etapas.csv,Supereduc / PAS,"Procesos, diccionario o revisión de materia",Activo; no es gasto rechazado,0.001
Vigente,/Users/red/Code/Auditoría Colegios - BI/datos/procesados/la_cisterna/ficha_comprador_2026-09-27.csv,Ficha Comprador,Indicadores del organismo en ventanas recientes,Contexto; fuera del panel histórico,0.001
Vigente,/Users/red/Code/Auditoría Colegios - BI/datos/procesados/la_cisterna/manifiesto_chilecompra.json,Procedencia,"URL, fecha y/o SHA-256",Metadatos,0.003
Vigente,/Users/red/Code/Auditoría Colegios - BI/datos/procesados/la_cisterna/metricas.json,Resultado previo,Resumen o control calculado,Derivado; no es fuente nueva,0.004
Vigente,/Users/red/Code/Auditoría Colegios - BI/datos/procesados/la_cisterna/oc_candidatas_revision.csv,ChileCompra derivado,"Selección, candidatos, cobertura o auditoría OC",Candidatas fuera del agregado principal,0.01
Vigente,/Users/red/Code/Auditoría Colegios - BI/datos/procesados/la_cisterna/oc_cobertura_anual.csv,ChileCompra derivado,"Selección, candidatos, cobertura o auditoría OC",Candidatas fuera del agregado principal,0.0
Vigente,/Users/red/Code/Auditoría Colegios - BI/datos/procesados/la_cisterna/oc_escuelas_publicas.csv,ChileCompra derivado,"Selección, candidatos, cobertura o auditoría OC",Candidatas fuera del agregado principal,0.432
Vigente,/Users/red/Code/Auditoría Colegios - BI/datos/procesados/la_cisterna/oc_limpieza_antes_despues.csv,ChileCompra derivado,"Selección, candidatos, cobertura o auditoría OC",Candidatas fuera del agregado principal,0.001
Vigente,/Users/red/Code/Auditoría Colegios - BI/datos/procesados/la_cisterna/panel_rbd_anual.csv,Integración,Una fila RBD–año tras agregar fuentes,Vigente solo en procesados/la_cisterna,0.024
Vigente,/Users/red/Code/Auditoría Colegios - BI/datos/procesados/la_cisterna/pas_revision_materia.csv,Supereduc / PAS,"Procesos, diccionario o revisión de materia",Activo; no es gasto rechazado,0.014
Vigente,/Users/red/Code/Auditoría Colegios - BI/datos/procesados/la_cisterna/perfil_fuentes.csv,Resultado previo,Resumen o control calculado,Derivado; no es fuente nueva,0.001
Vigente,/Users/red/Code/Auditoría Colegios - BI/datos/procesados/la_cisterna/pme_dimensiones.csv,Mineduc / PME,"Acciones, estimaciones y avance, o tablas derivadas",La Cisterna 2024 activo; nacional/pilotos históricos,0.0
Vigente,/Users/red/Code/Auditoría Colegios - BI/datos/procesados/la_cisterna/universo_anual.csv,Directorio local,Censo filtrado de La Cisterna,Usar censo anual 2022–2025,0.0
Vigente,/Users/red/Code/Auditoría Colegios - BI/datos/procesados/procesos_supereduc_la_cisterna_2022_2025.json,Supereduc / PAS,"Procesos, diccionario o revisión de materia",Activo; no es gasto rechazado,0.1
Vigente,/Users/red/Code/Auditoría Colegios - BI/datos/procesados/simce_la_cisterna_2023_2025.json,Agencia,Resultados o cobertura por aplicación,Activo; no sumar copias,0.155
Vigente,/Users/red/Code/Auditoría Colegios - BI/datos/procesados/universo_la_cisterna_2022_2025.json,Directorio local,Censo filtrado de La Cisterna,Usar censo anual 2022–2025,0.07
Vigente,/Users/red/Code/Auditoría Colegios - BI/datos/procesados/universo_la_cisterna_2024_2025.json,Directorio local,Censo filtrado de La Cisterna,Usar censo anual 2022–2025,0.043
Histórica,/Users/red/Code/BI/Auditoría Colegios - BI/datos/DICCIONARIO.md,Documentación,"Campos, llaves y límites",Metadatos,0.001
Histórica,/Users/red/Code/BI/Auditoría Colegios - BI/datos/extraidos/la_cisterna/fuentes.json,Procedencia,"URL, fecha y/o SHA-256",Metadatos,0.004
Histórica,/Users/red/Code/BI/Auditoría Colegios - BI/datos/extraidos/la_cisterna/idps_la_cisterna_2023_2025.json,Agencia,Resultados o cobertura por aplicación,Activo; no sumar copias,0.477
Histórica,/Users/red/Code/BI/Auditoría Colegios - BI/datos/extraidos/la_cisterna/manifiesto_extraccion.json,Procedencia,"URL, fecha y/o SHA-256",Metadatos,0.002
Histórica,/Users/red/Code/BI/Auditoría Colegios - BI/datos/extraidos/la_cisterna/pme_la_cisterna_2024.csv,Mineduc / PME,"Acciones, estimaciones y avance, o tablas derivadas",La Cisterna 2024 activo; nacional/pilotos históricos,0.072
Histórica,/Users/red/Code/BI/Auditoría Colegios - BI/datos/extraidos/la_cisterna/procesos_supereduc_la_cisterna_2022_2025.json,Supereduc / PAS,"Procesos, diccionario o revisión de materia",Activo; no es gasto rechazado,0.1
Histórica,/Users/red/Code/BI/Auditoría Colegios - BI/datos/extraidos/la_cisterna/simce_la_cisterna_2023_2025.json,Agencia,Resultados o cobertura por aplicación,Activo; no sumar copias,0.155
Histórica,/Users/red/Code/BI/Auditoría Colegios - BI/datos/extraidos/la_cisterna/universo_la_cisterna_2022_2025.json,Directorio local,Censo filtrado de La Cisterna,Usar censo anual 2022–2025,0.07
Histórica,/Users/red/Code/BI/Auditoría Colegios - BI/datos/fuentes.json,Procedencia,"URL, fecha y/o SHA-256",Metadatos,0.004
Histórica,/Users/red/Code/BI/Auditoría Colegios - BI/datos/intermedios/anexo1_p29.png,Resultado previo,Resumen o control calculado,Derivado; no es fuente nueva,0.25
Histórica,/Users/red/Code/BI/Auditoría Colegios - BI/datos/intermedios/cgr_pagina_001.txt,Contraloría / Melipeuco,"Informe o tablas de compras, equipos y comodatos",Otro territorio; excluido,0.001
Histórica,/Users/red/Code/BI/Auditoría Colegios - BI/datos/intermedios/cgr_pagina_002.txt,Contraloría / Melipeuco,"Informe o tablas de compras, equipos y comodatos",Otro territorio; excluido,0.0
Histórica,/Users/red/Code/BI/Auditoría Colegios - BI/datos/intermedios/cgr_pagina_003.txt,Contraloría / Melipeuco,"Informe o tablas de compras, equipos y comodatos",Otro territorio; excluido,0.025
Histórica,/Users/red/Code/BI/Auditoría Colegios - BI/datos/intermedios/cgr_pagina_004.txt,Contraloría / Melipeuco,"Informe o tablas de compras, equipos y comodatos",Otro territorio; excluido,0.004
Histórica,/Users/red/Code/BI/Auditoría Colegios - BI/datos/intermedios/cgr_pagina_005.txt,Contraloría / Melipeuco,"Informe o tablas de compras, equipos y comodatos",Otro territorio; excluido,0.004
Histórica,/Users/red/Code/BI/Auditoría Colegios - BI/datos/intermedios/cgr_pagina_006.txt,Contraloría / Melipeuco,"Informe o tablas de compras, equipos y comodatos",Otro territorio; excluido,0.005
Histórica,/Users/red/Code/BI/Auditoría Colegios - BI/datos/intermedios/cgr_pagina_007.txt,Contraloría / Melipeuco,"Informe o tablas de compras, equipos y comodatos",Otro territorio; excluido,0.005
Histórica,/Users/red/Code/BI/Auditoría Colegios - BI/datos/intermedios/cgr_pagina_008.txt,Contraloría / Melipeuco,"Informe o tablas de compras, equipos y comodatos",Otro territorio; excluido,0.005
Histórica,/Users/red/Code/BI/Auditoría Colegios - BI/datos/intermedios/cgr_pagina_009.txt,Contraloría / Melipeuco,"Informe o tablas de compras, equipos y comodatos",Otro territorio; excluido,0.004
Histórica,/Users/red/Code/BI/Auditoría Colegios - BI/datos/intermedios/cgr_pagina_010.txt,Contraloría / Melipeuco,"Informe o tablas de compras, equipos y comodatos",Otro territorio; excluido,0.005
Histórica,/Users/red/Code/BI/Auditoría Colegios - BI/datos/intermedios/cgr_pagina_011.txt,Contraloría / Melipeuco,"Informe o tablas de compras, equipos y comodatos",Otro territorio; excluido,0.004
Histórica,/Users/red/Code/BI/Auditoría Colegios - BI/datos/intermedios/cgr_pagina_012.txt,Contraloría / Melipeuco,"Informe o tablas de compras, equipos y comodatos",Otro territorio; excluido,0.005
Histórica,/Users/red/Code/BI/Auditoría Colegios - BI/datos/intermedios/cgr_pagina_013.txt,Contraloría / Melipeuco,"Informe o tablas de compras, equipos y comodatos",Otro territorio; excluido,0.004
Histórica,/Users/red/Code/BI/Auditoría Colegios - BI/datos/intermedios/cgr_pagina_014.txt,Contraloría / Melipeuco,"Informe o tablas de compras, equipos y comodatos",Otro territorio; excluido,0.004
Histórica,/Users/red/Code/BI/Auditoría Colegios - BI/datos/intermedios/cgr_pagina_015.txt,Contraloría / Melipeuco,"Informe o tablas de compras, equipos y comodatos",Otro territorio; excluido,0.004
Histórica,/Users/red/Code/BI/Auditoría Colegios - BI/datos/intermedios/cgr_pagina_016.txt,Contraloría / Melipeuco,"Informe o tablas de compras, equipos y comodatos",Otro territorio; excluido,0.004
Histórica,/Users/red/Code/BI/Auditoría Colegios - BI/datos/intermedios/cgr_pagina_017.txt,Contraloría / Melipeuco,"Informe o tablas de compras, equipos y comodatos",Otro territorio; excluido,0.004
Histórica,/Users/red/Code/BI/Auditoría Colegios - BI/datos/intermedios/cgr_pagina_018.txt,Contraloría / Melipeuco,"Informe o tablas de compras, equipos y comodatos",Otro territorio; excluido,0.005
Histórica,/Users/red/Code/BI/Auditoría Colegios - BI/datos/intermedios/cgr_pagina_019.txt,Contraloría / Melipeuco,"Informe o tablas de compras, equipos y comodatos",Otro territorio; excluido,0.004
Histórica,/Users/red/Code/BI/Auditoría Colegios - BI/datos/intermedios/cgr_pagina_020.txt,Contraloría / Melipeuco,"Informe o tablas de compras, equipos y comodatos",Otro territorio; excluido,0.005
Histórica,/Users/red/Code/BI/Auditoría Colegios - BI/datos/intermedios/cgr_pagina_021.txt,Contraloría / Melipeuco,"Informe o tablas de compras, equipos y comodatos",Otro territorio; excluido,0.004
Histórica,/Users/red/Code/BI/Auditoría Colegios - BI/datos/intermedios/cgr_pagina_022.txt,Contraloría / Melipeuco,"Informe o tablas de compras, equipos y comodatos",Otro territorio; excluido,0.005
Histórica,/Users/red/Code/BI/Auditoría Colegios - BI/datos/intermedios/cgr_pagina_023.txt,Contraloría / Melipeuco,"Informe o tablas de compras, equipos y comodatos",Otro territorio; excluido,0.004
Histórica,/Users/red/Code/BI/Auditoría Colegios - BI/datos/intermedios/cgr_pagina_024.txt,Contraloría / Melipeuco,"Informe o tablas de compras, equipos y comodatos",Otro territorio; excluido,0.004
Histórica,/Users/red/Code/BI/Auditoría Colegios - BI/datos/intermedios/cgr_pagina_025.txt,Contraloría / Melipeuco,"Informe o tablas de compras, equipos y comodatos",Otro territorio; excluido,0.004
Histórica,/Users/red/Code/BI/Auditoría Colegios - BI/datos/intermedios/cgr_pagina_026.txt,Contraloría / Melipeuco,"Informe o tablas de compras, equipos y comodatos",Otro territorio; excluido,0.005
Histórica,/Users/red/Code/BI/Auditoría Colegios - BI/datos/intermedios/cgr_pagina_027.txt,Contraloría / Melipeuco,"Informe o tablas de compras, equipos y comodatos",Otro territorio; excluido,0.004
Histórica,/Users/red/Code/BI/Auditoría Colegios - BI/datos/intermedios/cgr_pagina_028.txt,Contraloría / Melipeuco,"Informe o tablas de compras, equipos y comodatos",Otro territorio; excluido,0.002
Histórica,/Users/red/Code/BI/Auditoría Colegios - BI/datos/intermedios/cgr_pagina_029.txt,Contraloría / Melipeuco,"Informe o tablas de compras, equipos y comodatos",Otro territorio; excluido,0.046
Histórica,/Users/red/Code/BI/Auditoría Colegios - BI/datos/intermedios/cgr_pagina_030.txt,Contraloría / Melipeuco,"Informe o tablas de compras, equipos y comodatos",Otro territorio; excluido,0.015
Histórica,/Users/red/Code/BI/Auditoría Colegios - BI/datos/intermedios/cgr_pagina_031.txt,Contraloría / Melipeuco,"Informe o tablas de compras, equipos y comodatos",Otro territorio; excluido,0.009
Histórica,/Users/red/Code/BI/Auditoría Colegios - BI/datos/intermedios/cgr_pagina_032.txt,Contraloría / Melipeuco,"Informe o tablas de compras, equipos y comodatos",Otro territorio; excluido,0.01
Histórica,/Users/red/Code/BI/Auditoría Colegios - BI/datos/intermedios/cgr_pagina_033.txt,Contraloría / Melipeuco,"Informe o tablas de compras, equipos y comodatos",Otro territorio; excluido,0.01
Histórica,/Users/red/Code/BI/Auditoría Colegios - BI/datos/intermedios/cgr_pagina_034.txt,Contraloría / Melipeuco,"Informe o tablas de compras, equipos y comodatos",Otro territorio; excluido,0.009
Histórica,/Users/red/Code/BI/Auditoría Colegios - BI/datos/intermedios/cgr_pagina_035.txt,Contraloría / Melipeuco,"Informe o tablas de compras, equipos y comodatos",Otro territorio; excluido,0.009
Histórica,/Users/red/Code/BI/Auditoría Colegios - BI/datos/intermedios/cgr_pagina_036.txt,Contraloría / Melipeuco,"Informe o tablas de compras, equipos y comodatos",Otro territorio; excluido,0.004
Histórica,/Users/red/Code/BI/Auditoría Colegios - BI/datos/intermedios/cgr_pagina_037.txt,Contraloría / Melipeuco,"Informe o tablas de compras, equipos y comodatos",Otro territorio; excluido,0.007
Histórica,/Users/red/Code/BI/Auditoría Colegios - BI/datos/intermedios/cgr_pagina_038.txt,Contraloría / Melipeuco,"Informe o tablas de compras, equipos y comodatos",Otro territorio; excluido,0.005
Histórica,/Users/red/Code/BI/Auditoría Colegios - BI/datos/intermedios/cgr_pagina_039.txt,Contraloría / Melipeuco,"Informe o tablas de compras, equipos y comodatos",Otro territorio; excluido,0.054
Histórica,/Users/red/Code/BI/Auditoría Colegios - BI/datos/intermedios/cgr_pagina_040.txt,Contraloría / Melipeuco,"Informe o tablas de compras, equipos y comodatos",Otro territorio; excluido,0.058
Histórica,/Users/red/Code/BI/Auditoría Colegios - BI/datos/intermedios/cgr_pagina_041.txt,Contraloría / Melipeuco,"Informe o tablas de compras, equipos y comodatos",Otro territorio; excluido,0.055
Histórica,/Users/red/Code/BI/Auditoría Colegios - BI/datos/intermedios/cgr_pagina_042.txt,Contraloría / Melipeuco,"Informe o tablas de compras, equipos y comodatos",Otro territorio; excluido,0.052
Histórica,/Users/red/Code/BI/Auditoría Colegios - BI/datos/intermedios/cgr_pagina_043.txt,Contraloría / Melipeuco,"Informe o tablas de compras, equipos y comodatos",Otro territorio; excluido,0.052
Histórica,/Users/red/Code/BI/Auditoría Colegios - BI/datos/intermedios/cgr_pagina_044.txt,Contraloría / Melipeuco,"Informe o tablas de compras, equipos y comodatos",Otro territorio; excluido,0.051
Histórica,/Users/red/Code/BI/Auditoría Colegios - BI/datos/intermedios/cgr_pagina_045.txt,Contraloría / Melipeuco,"Informe o tablas de compras, equipos y comodatos",Otro territorio; excluido,0.051
Histórica,/Users/red/Code/BI/Auditoría Colegios - BI/datos/intermedios/cgr_pagina_046.txt,Contraloría / Melipeuco,"Informe o tablas de compras, equipos y comodatos",Otro territorio; excluido,0.052
Histórica,/Users/red/Code/BI/Auditoría Colegios - BI/datos/intermedios/cgr_pagina_047.txt,Contraloría / Melipeuco,"Informe o tablas de compras, equipos y comodatos",Otro territorio; excluido,0.055
Histórica,/Users/red/Code/BI/Auditoría Colegios - BI/datos/intermedios/cgr_pagina_048.txt,Contraloría / Melipeuco,"Informe o tablas de compras, equipos y comodatos",Otro territorio; excluido,0.046
Histórica,/Users/red/Code/BI/Auditoría Colegios - BI/datos/intermedios/cgr_pagina_049.txt,Contraloría / Melipeuco,"Informe o tablas de compras, equipos y comodatos",Otro territorio; excluido,0.046
Histórica,/Users/red/Code/BI/Auditoría Colegios - BI/datos/intermedios/cgr_pagina_050.txt,Contraloría / Melipeuco,"Informe o tablas de compras, equipos y comodatos",Otro territorio; excluido,0.046
Histórica,/Users/red/Code/BI/Auditoría Colegios - BI/datos/intermedios/cgr_pagina_051.txt,Contraloría / Melipeuco,"Informe o tablas de compras, equipos y comodatos",Otro territorio; excluido,0.046
Histórica,/Users/red/Code/BI/Auditoría Colegios - BI/datos/intermedios/cgr_pagina_052.txt,Contraloría / Melipeuco,"Informe o tablas de compras, equipos y comodatos",Otro territorio; excluido,0.046
Histórica,/Users/red/Code/BI/Auditoría Colegios - BI/datos/intermedios/cgr_pagina_053.txt,Contraloría / Melipeuco,"Informe o tablas de compras, equipos y comodatos",Otro territorio; excluido,0.046
Histórica,/Users/red/Code/BI/Auditoría Colegios - BI/datos/intermedios/cgr_pagina_054.txt,Contraloría / Melipeuco,"Informe o tablas de compras, equipos y comodatos",Otro territorio; excluido,0.042
Histórica,/Users/red/Code/BI/Auditoría Colegios - BI/datos/intermedios/cgr_pagina_055.txt,Contraloría / Melipeuco,"Informe o tablas de compras, equipos y comodatos",Otro territorio; excluido,0.046
Histórica,/Users/red/Code/BI/Auditoría Colegios - BI/datos/intermedios/cgr_pagina_056.txt,Contraloría / Melipeuco,"Informe o tablas de compras, equipos y comodatos",Otro territorio; excluido,0.05
Histórica,/Users/red/Code/BI/Auditoría Colegios - BI/datos/intermedios/cgr_pagina_057.txt,Contraloría / Melipeuco,"Informe o tablas de compras, equipos y comodatos",Otro territorio; excluido,0.059
Histórica,/Users/red/Code/BI/Auditoría Colegios - BI/datos/intermedios/cgr_pagina_058.txt,Contraloría / Melipeuco,"Informe o tablas de compras, equipos y comodatos",Otro territorio; excluido,0.058
Histórica,/Users/red/Code/BI/Auditoría Colegios - BI/datos/intermedios/cgr_pagina_059.txt,Contraloría / Melipeuco,"Informe o tablas de compras, equipos y comodatos",Otro territorio; excluido,0.058
Histórica,/Users/red/Code/BI/Auditoría Colegios - BI/datos/intermedios/cgr_pagina_060.txt,Contraloría / Melipeuco,"Informe o tablas de compras, equipos y comodatos",Otro territorio; excluido,0.058
Histórica,/Users/red/Code/BI/Auditoría Colegios - BI/datos/intermedios/cgr_pagina_061.txt,Contraloría / Melipeuco,"Informe o tablas de compras, equipos y comodatos",Otro territorio; excluido,0.058
Histórica,/Users/red/Code/BI/Auditoría Colegios - BI/datos/intermedios/cgr_pagina_062.txt,Contraloría / Melipeuco,"Informe o tablas de compras, equipos y comodatos",Otro territorio; excluido,0.058
Histórica,/Users/red/Code/BI/Auditoría Colegios - BI/datos/intermedios/cgr_pagina_063.txt,Contraloría / Melipeuco,"Informe o tablas de compras, equipos y comodatos",Otro territorio; excluido,0.035
Histórica,/Users/red/Code/BI/Auditoría Colegios - BI/datos/intermedios/cgr_pagina_064.txt,Contraloría / Melipeuco,"Informe o tablas de compras, equipos y comodatos",Otro territorio; excluido,0.038
Histórica,/Users/red/Code/BI/Auditoría Colegios - BI/datos/intermedios/cgr_pagina_065.txt,Contraloría / Melipeuco,"Informe o tablas de compras, equipos y comodatos",Otro territorio; excluido,0.038
Histórica,/Users/red/Code/BI/Auditoría Colegios - BI/datos/intermedios/cgr_pagina_066.txt,Contraloría / Melipeuco,"Informe o tablas de compras, equipos y comodatos",Otro territorio; excluido,0.038
Histórica,/Users/red/Code/BI/Auditoría Colegios - BI/datos/intermedios/cgr_pagina_067.txt,Contraloría / Melipeuco,"Informe o tablas de compras, equipos y comodatos",Otro territorio; excluido,0.038
Histórica,/Users/red/Code/BI/Auditoría Colegios - BI/datos/intermedios/cgr_pagina_068.txt,Contraloría / Melipeuco,"Informe o tablas de compras, equipos y comodatos",Otro territorio; excluido,0.037
Histórica,/Users/red/Code/BI/Auditoría Colegios - BI/datos/intermedios/cgr_pagina_069.txt,Contraloría / Melipeuco,"Informe o tablas de compras, equipos y comodatos",Otro territorio; excluido,0.035
Histórica,/Users/red/Code/BI/Auditoría Colegios - BI/datos/intermedios/cgr_pagina_070.txt,Contraloría / Melipeuco,"Informe o tablas de compras, equipos y comodatos",Otro territorio; excluido,0.035
Histórica,/Users/red/Code/BI/Auditoría Colegios - BI/datos/intermedios/cgr_pagina_071.txt,Contraloría / Melipeuco,"Informe o tablas de compras, equipos y comodatos",Otro territorio; excluido,0.036
Histórica,/Users/red/Code/BI/Auditoría Colegios - BI/datos/intermedios/cgr_pagina_072.txt,Contraloría / Melipeuco,"Informe o tablas de compras, equipos y comodatos",Otro territorio; excluido,0.044
Histórica,/Users/red/Code/BI/Auditoría Colegios - BI/datos/intermedios/cgr_pagina_073.txt,Contraloría / Melipeuco,"Informe o tablas de compras, equipos y comodatos",Otro territorio; excluido,0.044
Histórica,/Users/red/Code/BI/Auditoría Colegios - BI/datos/intermedios/cgr_pagina_074.txt,Contraloría / Melipeuco,"Informe o tablas de compras, equipos y comodatos",Otro territorio; excluido,0.044
Histórica,/Users/red/Code/BI/Auditoría Colegios - BI/datos/intermedios/cgr_pagina_075.txt,Contraloría / Melipeuco,"Informe o tablas de compras, equipos y comodatos",Otro territorio; excluido,0.044
Histórica,/Users/red/Code/BI/Auditoría Colegios - BI/datos/intermedios/cgr_pagina_076.txt,Contraloría / Melipeuco,"Informe o tablas de compras, equipos y comodatos",Otro territorio; excluido,0.044
Histórica,/Users/red/Code/BI/Auditoría Colegios - BI/datos/intermedios/cgr_pagina_077.txt,Contraloría / Melipeuco,"Informe o tablas de compras, equipos y comodatos",Otro territorio; excluido,0.044
Histórica,/Users/red/Code/BI/Auditoría Colegios - BI/datos/intermedios/cgr_pagina_078.txt,Contraloría / Melipeuco,"Informe o tablas de compras, equipos y comodatos",Otro territorio; excluido,0.044
Histórica,/Users/red/Code/BI/Auditoría Colegios - BI/datos/intermedios/cgr_pagina_079.txt,Contraloría / Melipeuco,"Informe o tablas de compras, equipos y comodatos",Otro territorio; excluido,0.045
Histórica,/Users/red/Code/BI/Auditoría Colegios - BI/datos/intermedios/cgr_pagina_080.txt,Contraloría / Melipeuco,"Informe o tablas de compras, equipos y comodatos",Otro territorio; excluido,0.042
Histórica,/Users/red/Code/BI/Auditoría Colegios - BI/datos/intermedios/cgr_pagina_081.txt,Contraloría / Melipeuco,"Informe o tablas de compras, equipos y comodatos",Otro territorio; excluido,0.05
Histórica,/Users/red/Code/BI/Auditoría Colegios - BI/datos/intermedios/cgr_pagina_082.txt,Contraloría / Melipeuco,"Informe o tablas de compras, equipos y comodatos",Otro territorio; excluido,0.048
Histórica,/Users/red/Code/BI/Auditoría Colegios - BI/datos/intermedios/cgr_pagina_083.txt,Contraloría / Melipeuco,"Informe o tablas de compras, equipos y comodatos",Otro territorio; excluido,0.049
Histórica,/Users/red/Code/BI/Auditoría Colegios - BI/datos/intermedios/cgr_pagina_084.txt,Contraloría / Melipeuco,"Informe o tablas de compras, equipos y comodatos",Otro territorio; excluido,0.045
Histórica,/Users/red/Code/BI/Auditoría Colegios - BI/datos/intermedios/cgr_pagina_085.txt,Contraloría / Melipeuco,"Informe o tablas de compras, equipos y comodatos",Otro territorio; excluido,0.045
Histórica,/Users/red/Code/BI/Auditoría Colegios - BI/datos/intermedios/cgr_pagina_086.txt,Contraloría / Melipeuco,"Informe o tablas de compras, equipos y comodatos",Otro territorio; excluido,0.045
Histórica,/Users/red/Code/BI/Auditoría Colegios - BI/datos/intermedios/cgr_pagina_087.txt,Contraloría / Melipeuco,"Informe o tablas de compras, equipos y comodatos",Otro territorio; excluido,0.045
Histórica,/Users/red/Code/BI/Auditoría Colegios - BI/datos/intermedios/cgr_pagina_088.txt,Contraloría / Melipeuco,"Informe o tablas de compras, equipos y comodatos",Otro territorio; excluido,0.047
Histórica,/Users/red/Code/BI/Auditoría Colegios - BI/datos/intermedios/cgr_pagina_089.txt,Contraloría / Melipeuco,"Informe o tablas de compras, equipos y comodatos",Otro territorio; excluido,0.007
Histórica,/Users/red/Code/BI/Auditoría Colegios - BI/datos/intermedios/cgr_pagina_090.txt,Contraloría / Melipeuco,"Informe o tablas de compras, equipos y comodatos",Otro territorio; excluido,0.008
Histórica,/Users/red/Code/BI/Auditoría Colegios - BI/datos/intermedios/cgr_pagina_091.txt,Contraloría / Melipeuco,"Informe o tablas de compras, equipos y comodatos",Otro territorio; excluido,0.004
Histórica,/Users/red/Code/BI/Auditoría Colegios - BI/datos/intermedios/diccionario_pme.txt,Mineduc / PME,Diccionario de variables,La Cisterna 2024 activo; nacional/pilotos históricos,0.015
Histórica,/Users/red/Code/BI/Auditoría Colegios - BI/datos/intermedios/directorio_2021/Directorio_Oficial_EE_2021.csv,Directorio,Censo nacional anual,2022–2025 activo; anteriores históricos,3.17
Histórica,/Users/red/Code/BI/Auditoría Colegios - BI/datos/intermedios/directorio_2021/ER_Directorio_Oficial_EE_WEB.pdf,Directorio,Diccionario de campos y códigos,Metadatos,0.365
Histórica,/Users/red/Code/BI/Auditoría Colegios - BI/datos/intermedios/directorio_2021/Frecuencias_Directorio_Oficial_EE_2021_PUBL.xlsx,Directorio,Tabla de frecuencias nacionales,Resumen auxiliar,0.073
Histórica,/Users/red/Code/BI/Auditoría Colegios - BI/datos/intermedios/directorio_2024/20240912_Directorio_Oficial_EE_2024_20240430_WEB.csv,Directorio,Censo nacional anual,2022–2025 activo; anteriores históricos,3.668
Histórica,/Users/red/Code/BI/Auditoría Colegios - BI/datos/intermedios/directorio_2024/ER_Directorio_Oficial_EE_WEB.pdf,Directorio,Diccionario de campos y códigos,Metadatos,0.432
Histórica,/Users/red/Code/BI/Auditoría Colegios - BI/datos/intermedios/directorio_2024/Frecuencias_Directorio_Oficial_EE_2024.xlsx,Directorio,Tabla de frecuencias nacionales,Resumen auxiliar,0.08
Histórica,/Users/red/Code/BI/Auditoría Colegios - BI/datos/intermedios/ejecucion_analisis.log,Resultado previo,Resumen o control calculado,Derivado; no es fuente nueva,0.001
Histórica,/Users/red/Code/BI/Auditoría Colegios - BI/datos/intermedios/pme_2024/20250131_Implementación_PME_2024_20250116.xlsx,Mineduc / PME,"Acciones, estimaciones y avance, o tablas derivadas",La Cisterna 2024 activo; nacional/pilotos históricos,43.921
Histórica,/Users/red/Code/BI/Auditoría Colegios - BI/datos/intermedios/pme_2024/ER Implementación PME 2024.pdf,Mineduc / PME,Diccionario de variables,La Cisterna 2024 activo; nacional/pilotos históricos,0.278
Histórica,/Users/red/Code/BI/Auditoría Colegios - BI/datos/intermedios/pme_2024.pkl,Mineduc / PME,Caché binaria previa; no se ejecuta,La Cisterna 2024 activo; nacional/pilotos históricos,100.908
Histórica,/Users/red/Code/BI/Auditoría Colegios - BI/datos/intermedios/tablas_cgr.json,Contraloría / Melipeuco,"Informe o tablas de compras, equipos y comodatos",Otro territorio; excluido,0.356
Histórica,/Users/red/Code/BI/Auditoría Colegios - BI/datos/originales/catalogo_directorio.html,Directorio,Censo nacional anual,2022–2025 activo; anteriores históricos,0.081
Histórica,/Users/red/Code/BI/Auditoría Colegios - BI/datos/originales/catalogo_pme.html,Mineduc / PME,"Acciones, estimaciones y avance, o tablas derivadas",La Cisterna 2024 activo; nacional/pilotos históricos,0.053
Histórica,/Users/red/Code/BI/Auditoría Colegios - BI/datos/originales/cgr_melipeuco_43_2024.pdf,Contraloría / Melipeuco,"Informe o tablas de compras, equipos y comodatos",Otro territorio; excluido,0.94
Histórica,/Users/red/Code/BI/Auditoría Colegios - BI/datos/originales/cgr_reporte_hallazgos_2024_2025.pdf,Contraloría / Melipeuco,"Informe o tablas de compras, equipos y comodatos",Otro territorio; excluido,4.402
Histórica,/Users/red/Code/BI/Auditoría Colegios - BI/datos/originales/directorio_2021.rar,Directorio,Censo nacional anual,2022–2025 activo; anteriores históricos,0.794
Histórica,/Users/red/Code/BI/Auditoría Colegios - BI/datos/originales/directorio_2024.rar,Directorio,Censo nacional anual,2022–2025 activo; anteriores históricos,0.885
Histórica,/Users/red/Code/BI/Auditoría Colegios - BI/datos/originales/pme_implementacion_2024.rar,Mineduc / PME,"Acciones, estimaciones y avance, o tablas derivadas",La Cisterna 2024 activo; nacional/pilotos históricos,39.989
Histórica,/Users/red/Code/BI/Auditoría Colegios - BI/datos/procesados/cgr_compras_lotes.csv,Contraloría / Melipeuco,"Informe o tablas de compras, equipos y comodatos",Otro territorio; excluido,0.006
Histórica,/Users/red/Code/BI/Auditoría Colegios - BI/datos/procesados/cgr_con_comodato.csv,Contraloría / Melipeuco,"Informe o tablas de compras, equipos y comodatos",Otro territorio; excluido,0.117
Histórica,/Users/red/Code/BI/Auditoría Colegios - BI/datos/procesados/cgr_documentos_pago.csv,Contraloría / Melipeuco,"Informe o tablas de compras, equipos y comodatos",Otro territorio; excluido,0.001
Histórica,/Users/red/Code/BI/Auditoría Colegios - BI/datos/procesados/cgr_fuentes_financiamiento.csv,Contraloría / Melipeuco,"Informe o tablas de compras, equipos y comodatos",Otro territorio; excluido,0.0
Histórica,/Users/red/Code/BI/Auditoría Colegios - BI/datos/procesados/cgr_interseccion_comodato_no_habidos.csv,Contraloría / Melipeuco,"Informe o tablas de compras, equipos y comodatos",Otro territorio; excluido,0.102
Histórica,/Users/red/Code/BI/Auditoría Colegios - BI/datos/procesados/cgr_limites_por_dependencia.csv,Contraloría / Melipeuco,"Informe o tablas de compras, equipos y comodatos",Otro territorio; excluido,0.0
Histórica,/Users/red/Code/BI/Auditoría Colegios - BI/datos/procesados/cgr_no_habidos.csv,Contraloría / Melipeuco,"Informe o tablas de compras, equipos y comodatos",Otro territorio; excluido,0.126
Histórica,/Users/red/Code/BI/Auditoría Colegios - BI/datos/procesados/cgr_resumen_anio.csv,Contraloría / Melipeuco,"Informe o tablas de compras, equipos y comodatos",Otro territorio; excluido,0.0
Histórica,/Users/red/Code/BI/Auditoría Colegios - BI/datos/procesados/cgr_resumen_dependencia.csv,Contraloría / Melipeuco,"Informe o tablas de compras, equipos y comodatos",Otro territorio; excluido,0.0
Histórica,/Users/red/Code/BI/Auditoría Colegios - BI/datos/procesados/cgr_resumen_modelo.csv,Contraloría / Melipeuco,"Informe o tablas de compras, equipos y comodatos",Otro territorio; excluido,0.001
Histórica,/Users/red/Code/BI/Auditoría Colegios - BI/datos/procesados/cgr_series_repetidas_comodato.csv,Contraloría / Melipeuco,"Informe o tablas de compras, equipos y comodatos",Otro territorio; excluido,0.0
Histórica,/Users/red/Code/BI/Auditoría Colegios - BI/datos/procesados/cgr_series_repetidas_no_habidos.csv,Contraloría / Melipeuco,"Informe o tablas de compras, equipos y comodatos",Otro territorio; excluido,0.0
Histórica,/Users/red/Code/BI/Auditoría Colegios - BI/datos/procesados/cgr_sin_comodato.csv,Contraloría / Melipeuco,"Informe o tablas de compras, equipos y comodatos",Otro territorio; excluido,0.027
Histórica,/Users/red/Code/BI/Auditoría Colegios - BI/datos/procesados/directorio_2024_seleccion.csv,Directorio,Censo nacional anual,2022–2025 activo; anteriores históricos,0.963
Histórica,/Users/red/Code/BI/Auditoría Colegios - BI/datos/procesados/idps_la_cisterna_2023_2025.json,Agencia,Resultados o cobertura por aplicación,Activo; no sumar copias,0.477
Histórica,/Users/red/Code/BI/Auditoría Colegios - BI/datos/procesados/la_cisterna/cobertura_agencia_por_grado.csv,Agencia,Resultados o cobertura por aplicación,Activo; no sumar copias,0.001
Histórica,/Users/red/Code/BI/Auditoría Colegios - BI/datos/procesados/la_cisterna/controles_etapas.csv,Supereduc / PAS,"Procesos, diccionario o revisión de materia",Activo; no es gasto rechazado,0.001
Histórica,/Users/red/Code/BI/Auditoría Colegios - BI/datos/procesados/la_cisterna/metricas.json,Resultado previo,Resumen o control calculado,Derivado; no es fuente nueva,0.004
Histórica,/Users/red/Code/BI/Auditoría Colegios - BI/datos/procesados/la_cisterna/panel_rbd_anual.csv,Integración,Una fila RBD–año tras agregar fuentes,Vigente solo en procesados/la_cisterna,0.023
Histórica,/Users/red/Code/BI/Auditoría Colegios - BI/datos/procesados/la_cisterna/perfil_fuentes.csv,Resultado previo,Resumen o control calculado,Derivado; no es fuente nueva,0.001
Histórica,/Users/red/Code/BI/Auditoría Colegios - BI/datos/procesados/la_cisterna/pme_dimensiones.csv,Mineduc / PME,"Acciones, estimaciones y avance, o tablas derivadas",La Cisterna 2024 activo; nacional/pilotos históricos,0.0
Histórica,/Users/red/Code/BI/Auditoría Colegios - BI/datos/procesados/la_cisterna/universo_anual.csv,Directorio local,Censo filtrado de La Cisterna,Usar censo anual 2022–2025,0.0
Histórica,/Users/red/Code/BI/Auditoría Colegios - BI/datos/procesados/pme_acciones_nacional_2024.csv,Mineduc / PME,"Acciones, estimaciones y avance, o tablas derivadas",La Cisterna 2024 activo; nacional/pilotos históricos,11.916
Histórica,/Users/red/Code/BI/Auditoría Colegios - BI/datos/procesados/pme_acciones_pilotos_2024.csv,Mineduc / PME,"Acciones, estimaciones y avance, o tablas derivadas",La Cisterna 2024 activo; nacional/pilotos históricos,0.428
Histórica,/Users/red/Code/BI/Auditoría Colegios - BI/datos/procesados/pme_cobertura_dependencia.csv,Mineduc / PME,"Acciones, estimaciones y avance, o tablas derivadas",La Cisterna 2024 activo; nacional/pilotos históricos,0.0
Histórica,/Users/red/Code/BI/Auditoría Colegios - BI/datos/procesados/pme_correlaciones.csv,Mineduc / PME,"Acciones, estimaciones y avance, o tablas derivadas",La Cisterna 2024 activo; nacional/pilotos históricos,0.003
Histórica,/Users/red/Code/BI/Auditoría Colegios - BI/datos/procesados/pme_correlaciones_estratificadas.csv,Mineduc / PME,"Acciones, estimaciones y avance, o tablas derivadas",La Cisterna 2024 activo; nacional/pilotos históricos,0.0
Histórica,/Users/red/Code/BI/Auditoría Colegios - BI/datos/procesados/pme_descriptivos_montos.csv,Mineduc / PME,"Acciones, estimaciones y avance, o tablas derivadas",La Cisterna 2024 activo; nacional/pilotos históricos,0.0
Histórica,/Users/red/Code/BI/Auditoría Colegios - BI/datos/procesados/pme_duplicados_exactos.csv,Mineduc / PME,"Acciones, estimaciones y avance, o tablas derivadas",La Cisterna 2024 activo; nacional/pilotos históricos,0.003
Histórica,/Users/red/Code/BI/Auditoría Colegios - BI/datos/procesados/pme_faltantes.csv,Mineduc / PME,"Acciones, estimaciones y avance, o tablas derivadas",La Cisterna 2024 activo; nacional/pilotos históricos,0.001
Histórica,/Users/red/Code/BI/Auditoría Colegios - BI/datos/procesados/pme_montos_extremos_para_verificar.csv,Mineduc / PME,"Acciones, estimaciones y avance, o tablas derivadas",La Cisterna 2024 activo; nacional/pilotos históricos,0.01
Histórica,/Users/red/Code/BI/Auditoría Colegios - BI/datos/procesados/pme_nivel_implementacion.csv,Mineduc / PME,"Acciones, estimaciones y avance, o tablas derivadas",La Cisterna 2024 activo; nacional/pilotos históricos,0.0
Histórica,/Users/red/Code/BI/Auditoría Colegios - BI/datos/procesados/pme_panel_establecimientos_2024.csv,Mineduc / PME,"Acciones, estimaciones y avance, o tablas derivadas",La Cisterna 2024 activo; nacional/pilotos históricos,1.47
Histórica,/Users/red/Code/BI/Auditoría Colegios - BI/datos/procesados/pme_panel_pilotos_2024.csv,Mineduc / PME,"Acciones, estimaciones y avance, o tablas derivadas",La Cisterna 2024 activo; nacional/pilotos históricos,0.011
Histórica,/Users/red/Code/BI/Auditoría Colegios - BI/datos/procesados/pme_resumen_dimensiones_2024.csv,Mineduc / PME,"Acciones, estimaciones y avance, o tablas derivadas",La Cisterna 2024 activo; nacional/pilotos históricos,0.0
Histórica,/Users/red/Code/BI/Auditoría Colegios - BI/datos/procesados/pme_sensibilidad_montos.csv,Mineduc / PME,"Acciones, estimaciones y avance, o tablas derivadas",La Cisterna 2024 activo; nacional/pilotos históricos,0.001
Histórica,/Users/red/Code/BI/Auditoría Colegios - BI/datos/procesados/procesos_supereduc_la_cisterna_2022_2025.json,Supereduc / PAS,"Procesos, diccionario o revisión de materia",Activo; no es gasto rechazado,0.1
Histórica,/Users/red/Code/BI/Auditoría Colegios - BI/datos/procesados/resultados.json,Resultado previo,Resumen o control calculado,Derivado; no es fuente nueva,0.001
Histórica,/Users/red/Code/BI/Auditoría Colegios - BI/datos/procesados/simce_la_cisterna_2023_2025.json,Agencia,Resultados o cobertura por aplicación,Activo; no sumar copias,0.155
Histórica,/Users/red/Code/BI/Auditoría Colegios - BI/datos/procesados/universo_la_cisterna_2022_2025.json,Directorio local,Censo filtrado de La Cisterna,Usar censo anual 2022–2025,0.07
Histórica,/Users/red/Code/BI/Auditoría Colegios - BI/datos/procesados/universo_la_cisterna_2024_2025.json,Directorio local,Censo filtrado de La Cisterna,Usar censo anual 2022–2025,0.043
Histórica,/Users/red/Code/BI/Auditoría Colegios - BI/datos/procesados/verificaciones.csv,Resultado previo,Resumen o control calculado,Derivado; no es fuente nueva,0.001
Histórica,/Users/red/Code/BI/Auditoría Colegios - BI/BI-DatosProyecto/Directorio/Directorio-Oficial-EE-2023-1/20230912_Directorio_Oficial_EE_2023_20230430_WEB.csv,Directorio,Censo nacional anual,2022–2025 activo; anteriores históricos,3.661
Histórica,/Users/red/Code/BI/Auditoría Colegios - BI/BI-DatosProyecto/Directorio/Directorio-Oficial-EE-2023-1/ER_Directorio_Oficial_EE_WEB.pdf,Directorio,Diccionario de campos y códigos,Metadatos,0.429
Histórica,/Users/red/Code/BI/Auditoría Colegios - BI/BI-DatosProyecto/Directorio/Directorio-Oficial-EE-2023-1/Frecuencias_Directorio_Oficial_EE_2023.xlsx,Directorio,Tabla de frecuencias nacionales,Resumen auxiliar,0.079
Histórica,/Users/red/Code/BI/Auditoría Colegios - BI/BI-DatosProyecto/Directorio/Directorio-Oficial-EE-2023-1.rar,Directorio,Censo nacional anual,2022–2025 activo; anteriores históricos,0.874
Histórica,/Users/red/Code/BI/Auditoría Colegios - BI/BI-DatosProyecto/Directorio/Directorio-Oficial-EE-2024-/20240912_Directorio_Oficial_EE_2024_20240430_WEB.csv,Directorio,Censo nacional anual,2022–2025 activo; anteriores históricos,3.668
Histórica,/Users/red/Code/BI/Auditoría Colegios - BI/BI-DatosProyecto/Directorio/Directorio-Oficial-EE-2024-/ER_Directorio_Oficial_EE_WEB.pdf,Directorio,Diccionario de campos y códigos,Metadatos,0.432
Histórica,/Users/red/Code/BI/Auditoría Colegios - BI/BI-DatosProyecto/Directorio/Directorio-Oficial-EE-2024-/Frecuencias_Directorio_Oficial_EE_2024.xlsx,Directorio,Tabla de frecuencias nacionales,Resumen auxiliar,0.08
Histórica,/Users/red/Code/BI/Auditoría Colegios - BI/BI-DatosProyecto/Directorio/Directorio-Oficial-EE-2024-.rar,Directorio,Censo nacional anual,2022–2025 activo; anteriores históricos,0.885
Histórica,/Users/red/Code/BI/Auditoría Colegios - BI/BI-DatosProyecto/Directorio/Directorio-Oficial-EE-2025/20250926_Directorio_Oficial_EE_2025_20250430_WEB.csv,Directorio,Censo nacional anual,2022–2025 activo; anteriores históricos,3.778
Histórica,/Users/red/Code/BI/Auditoría Colegios - BI/BI-DatosProyecto/Directorio/Directorio-Oficial-EE-2025/ER_Directorio_Oficial_EE_WEB.pdf,Directorio,Diccionario de campos y códigos,Metadatos,0.468
Histórica,/Users/red/Code/BI/Auditoría Colegios - BI/BI-DatosProyecto/Directorio/Directorio-Oficial-EE-2025/Frecuencias_Directorio_Oficial_EE_2025.xlsx,Directorio,Tabla de frecuencias nacionales,Resumen auxiliar,0.079
Histórica,/Users/red/Code/BI/Auditoría Colegios - BI/BI-DatosProyecto/Directorio/Directorio-Oficial-EE-2025.rar,Directorio,Censo nacional anual,2022–2025 activo; anteriores históricos,0.936
Histórica,/Users/red/Code/BI/Auditoría Colegios - BI/BI-DatosProyecto/Directorio/Directorio-oficial-EE-2022/20220914_Directorio_Oficial_EE_2022_20220430_WEB.csv,Directorio,Censo nacional anual,2022–2025 activo; anteriores históricos,3.274
Histórica,/Users/red/Code/BI/Auditoría Colegios - BI/BI-DatosProyecto/Directorio/Directorio-oficial-EE-2022/ER_Directorio_Oficial_EE_WEB.pdf,Directorio,Diccionario de campos y códigos,Metadatos,0.369
Histórica,/Users/red/Code/BI/Auditoría Colegios - BI/BI-DatosProyecto/Directorio/Directorio-oficial-EE-2022/Frecuencias_Directorio_Oficial_EE_2022.xlsx,Directorio,Tabla de frecuencias nacionales,Resumen auxiliar,0.073
Histórica,/Users/red/Code/BI/Auditoría Colegios - BI/BI-DatosProyecto/Directorio/Directorio-oficial-EE-2022.rar,Directorio,Censo nacional anual,2022–2025 activo; anteriores históricos,0.829
