rbd,nombre,sector,oferta,dimension,acciones,completas,no_completas,estimacion_cero,ambas,senal_revision,sin_estado,estimacion_mediana_clp,estimacion_total_clp,rbd_observados,pct_completas,pct_no_completas,pct_estimacion_cero,pct_senal_revision
9499,ESCUELA HOGAR DE CIEGOS SANTA LUCIA,Particular subvencionado,especial,Convivencia Escolar,5,2,3,5,3,5,0,0.0,0,1,40.0,60.0,100.0,100.0
9499,ESCUELA HOGAR DE CIEGOS SANTA LUCIA,Particular subvencionado,especial,Gestión Pedagógica,8,7,1,8,1,8,0,0.0,0,1,87.5,12.5,100.0,100.0
9499,ESCUELA HOGAR DE CIEGOS SANTA LUCIA,Particular subvencionado,especial,Gestión de Recursos,3,3,0,3,0,3,0,0.0,0,1,100.0,0.0,100.0,100.0
9499,ESCUELA HOGAR DE CIEGOS SANTA LUCIA,Particular subvencionado,especial,Liderazgo,2,1,1,2,1,2,0,0.0,0,1,50.0,50.0,100.0,100.0
9693,LICEO POLITECNICO CIENCIA Y TECNOLOGIA,Público,basica_media,Convivencia Escolar,3,3,0,0,0,0,0,20000000.0,54000000,1,100.0,0.0,0.0,0.0
9693,LICEO POLITECNICO CIENCIA Y TECNOLOGIA,Público,basica_media,Gestión Pedagógica,5,4,1,0,0,1,0,16000000.0,151900000,1,80.0,20.0,0.0,20.0
9693,LICEO POLITECNICO CIENCIA Y TECNOLOGIA,Público,basica_media,Gestión de Recursos,2,2,0,0,0,0,0,117000000.0,234000000,1,100.0,0.0,0.0,0.0
9693,LICEO POLITECNICO CIENCIA Y TECNOLOGIA,Público,basica_media,Liderazgo,4,4,0,0,0,0,0,3000000.0,47500000,1,100.0,0.0,0.0,0.0
9699,COLEGIO NACIONES UNIDAS,Público,basica_media,Convivencia Escolar,5,4,1,1,0,2,0,3000000.0,40000000,1,80.0,20.0,20.0,40.0
9699,COLEGIO NACIONES UNIDAS,Público,basica_media,Gestión Pedagógica,7,6,1,0,0,1,0,5000000.0,52500000,1,85.71428571428571,14.285714285714286,0.0,14.285714285714286
9699,COLEGIO NACIONES UNIDAS,Público,basica_media,Gestión de Recursos,2,2,0,0,0,0,0,63250000.0,126500000,1,100.0,0.0,0.0,0.0
9699,COLEGIO NACIONES UNIDAS,Público,basica_media,Liderazgo,4,4,0,3,0,3,0,0.0,5000000,1,100.0,0.0,75.0,75.0
9700,COLEGIO PALESTINO,Público,basica_media,Convivencia Escolar,4,1,3,1,1,3,0,3250000.0,13000000,1,25.0,75.0,25.0,75.0
9700,COLEGIO PALESTINO,Público,basica_media,Gestión Pedagógica,4,0,4,0,0,4,0,4500000.0,36430000,1,0.0,100.0,0.0,100.0
9700,COLEGIO PALESTINO,Público,basica_media,Gestión de Recursos,2,1,1,0,0,1,0,30171942.5,60343885,1,50.0,50.0,0.0,50.0
9700,COLEGIO PALESTINO,Público,basica_media,Liderazgo,2,1,1,0,0,1,0,13331055.5,26662111,1,50.0,50.0,0.0,50.0
9701,LICEO POLIVALENTE OLOF PALME,Público,basica_media,Convivencia Escolar,5,5,0,0,0,0,0,3000000.0,13000000,1,100.0,0.0,0.0,0.0
9701,LICEO POLIVALENTE OLOF PALME,Público,basica_media,Gestión Pedagógica,4,4,0,2,0,2,0,1297000.0,5594000,1,100.0,0.0,50.0,50.0
9701,LICEO POLIVALENTE OLOF PALME,Público,basica_media,Gestión de Recursos,4,4,0,1,0,1,0,23000000.0,168000000,1,100.0,0.0,25.0,25.0
9701,LICEO POLIVALENTE OLOF PALME,Público,basica_media,Liderazgo,4,4,0,2,0,2,0,5500000.0,27200000,1,100.0,0.0,50.0,50.0
9703,ESCUELA ESPERANZA JOVEN,Público,basica_media,Convivencia Escolar,5,4,1,1,0,2,0,13000000.0,52500000,1,80.0,20.0,20.0,40.0
9703,ESCUELA ESPERANZA JOVEN,Público,basica_media,Gestión Pedagógica,7,7,0,3,0,3,0,1000000.0,55000000,1,100.0,0.0,42.857142857142854,42.857142857142854
9703,ESCUELA ESPERANZA JOVEN,Público,basica_media,Gestión de Recursos,3,3,0,0,0,0,0,18000000.0,61229000,1,100.0,0.0,0.0,0.0
9703,ESCUELA ESPERANZA JOVEN,Público,basica_media,Liderazgo,4,3,1,4,1,4,0,0.0,0,1,75.0,25.0,100.0,100.0
9706,ESCUELA BAS. OSCAR ENCALADA YOVANOVICH,Público,basica_media,Convivencia Escolar,2,0,2,2,2,2,0,0.0,0,1,0.0,100.0,100.0,100.0
9706,ESCUELA BAS. OSCAR ENCALADA YOVANOVICH,Público,basica_media,Gestión Pedagógica,5,0,5,5,5,5,0,0.0,0,1,0.0,100.0,100.0,100.0
9706,ESCUELA BAS. OSCAR ENCALADA YOVANOVICH,Público,basica_media,Gestión de Recursos,2,0,2,1,1,2,0,32500000.0,65000000,1,0.0,100.0,50.0,100.0
9706,ESCUELA BAS. OSCAR ENCALADA YOVANOVICH,Público,basica_media,Liderazgo,4,0,4,4,4,4,0,0.0,0,1,0.0,100.0,100.0,100.0
9722,LICEO PORTAL DE LA CISTERNA,Público,basica_media,Convivencia Escolar,4,0,4,3,3,4,0,0.0,800000,1,0.0,100.0,75.0,100.0
9722,LICEO PORTAL DE LA CISTERNA,Público,basica_media,Gestión Pedagógica,5,0,5,1,1,5,0,2500000.0,16500000,1,0.0,100.0,20.0,100.0
9722,LICEO PORTAL DE LA CISTERNA,Público,basica_media,Gestión de Recursos,6,2,4,1,1,4,0,6500000.0,106500000,1,33.333333333333336,66.66666666666667,16.666666666666668,66.66666666666667
9722,LICEO PORTAL DE LA CISTERNA,Público,basica_media,Liderazgo,5,0,5,5,5,5,0,0.0,0,1,0.0,100.0,100.0,100.0
9730,COLEGIO ANTU,Público,basica_media,Convivencia Escolar,5,1,4,4,3,5,0,0.0,3000000,1,20.0,80.0,80.0,100.0
9730,COLEGIO ANTU,Público,basica_media,Gestión Pedagógica,6,3,3,5,3,5,0,0.0,9000000,1,50.0,50.0,83.33333333333333,83.33333333333333
9730,COLEGIO ANTU,Público,basica_media,Gestión de Recursos,6,1,5,2,2,5,0,14262000.0,144824000,1,16.666666666666668,83.33333333333333,33.333333333333336,83.33333333333333
9730,COLEGIO ANTU,Público,basica_media,Liderazgo,4,1,3,4,3,4,0,0.0,0,1,25.0,75.0,100.0,100.0
9754,INSTITUTO COMERCIAL PARTICULAR LA CISTERNA,Particular subvencionado,basica_media,Convivencia Escolar,6,2,4,0,0,4,0,350000.0,6700000,1,33.333333333333336,66.66666666666667,0.0,66.66666666666667
9754,INSTITUTO COMERCIAL PARTICULAR LA CISTERNA,Particular subvencionado,basica_media,Gestión Pedagógica,4,2,2,0,0,2,0,800000.0,3200000,1,50.0,50.0,0.0,50.0
9754,INSTITUTO COMERCIAL PARTICULAR LA CISTERNA,Particular subvencionado,basica_media,Gestión de Recursos,2,1,1,0,0,1,0,41500000.0,83000000,1,50.0,50.0,0.0,50.0
9754,INSTITUTO COMERCIAL PARTICULAR LA CISTERNA,Particular subvencionado,basica_media,Liderazgo,2,1,1,0,0,1,0,11100000.0,22200000,1,50.0,50.0,0.0,50.0
9757,CENTRO EDUCACIONAL SANTA CLARA,Particular subvencionado,basica_media,Convivencia Escolar,6,6,0,0,0,0,0,11250000.0,82000000,1,100.0,0.0,0.0,0.0
9757,CENTRO EDUCACIONAL SANTA CLARA,Particular subvencionado,basica_media,Gestión Pedagógica,4,3,1,0,0,1,0,13500000.0,67000000,1,75.0,25.0,0.0,25.0
9757,CENTRO EDUCACIONAL SANTA CLARA,Particular subvencionado,basica_media,Gestión de Recursos,6,6,0,0,0,0,0,15250000.0,176000000,1,100.0,0.0,0.0,0.0
9757,CENTRO EDUCACIONAL SANTA CLARA,Particular subvencionado,basica_media,Liderazgo,5,5,0,0,0,0,0,12700000.0,105200000,1,100.0,0.0,0.0,0.0
9758,COLEGIO SANTA ISABEL DE HUNGRIA,Particular subvencionado,basica_media,Convivencia Escolar,5,3,2,0,0,2,0,15000000.0,120000000,1,60.0,40.0,0.0,40.0
9758,COLEGIO SANTA ISABEL DE HUNGRIA,Particular subvencionado,basica_media,Gestión Pedagógica,7,7,0,0,0,0,0,25000000.0,156000000,1,100.0,0.0,0.0,0.0
9758,COLEGIO SANTA ISABEL DE HUNGRIA,Particular subvencionado,basica_media,Gestión de Recursos,5,4,1,0,0,1,0,25000000.0,165000000,1,80.0,20.0,0.0,20.0
9758,COLEGIO SANTA ISABEL DE HUNGRIA,Particular subvencionado,basica_media,Liderazgo,3,2,1,0,0,1,0,7000000.0,27500000,1,66.66666666666667,33.333333333333336,0.0,33.333333333333336
9759,LICEO LAURA VICUNA,Particular subvencionado,basica_media,Convivencia Escolar,4,4,0,0,0,0,0,7500000.0,43000000,1,100.0,0.0,0.0,0.0
9759,LICEO LAURA VICUNA,Particular subvencionado,basica_media,Gestión Pedagógica,5,5,0,0,0,0,0,6000000.0,29500000,1,100.0,0.0,0.0,0.0
9759,LICEO LAURA VICUNA,Particular subvencionado,basica_media,Gestión de Recursos,2,2,0,0,0,0,0,49500000.0,99000000,1,100.0,0.0,0.0,0.0
9759,LICEO LAURA VICUNA,Particular subvencionado,basica_media,Liderazgo,5,5,0,0,0,0,0,4000000.0,28500000,1,100.0,0.0,0.0,0.0
9771,CHILEAN EAGLES COLLEGE - LA CISTERNA,Particular subvencionado,basica_media,Convivencia Escolar,9,1,8,1,0,9,0,4103440.0,34635955,1,11.11111111111111,88.88888888888889,11.11111111111111,100.0
9771,CHILEAN EAGLES COLLEGE - LA CISTERNA,Particular subvencionado,basica_media,Gestión Pedagógica,9,0,9,1,1,9,0,4559378.0,36959709,1,0.0,100.0,11.11111111111111,100.0
9771,CHILEAN EAGLES COLLEGE - LA CISTERNA,Particular subvencionado,basica_media,Gestión de Recursos,7,0,7,1,1,7,0,5471254.0,48820642,1,0.0,100.0,14.285714285714286,100.0
9771,CHILEAN EAGLES COLLEGE - LA CISTERNA,Particular subvencionado,basica_media,Liderazgo,7,0,7,1,1,7,0,2735627.0,27423060,1,0.0,100.0,14.285714285714286,100.0
9779,CENTRO EDUCACIONAL SANTA ROSA,Particular subvencionado,basica_media,Convivencia Escolar,5,5,0,0,0,0,0,8000000.0,65906272,1,100.0,0.0,0.0,0.0
9779,CENTRO EDUCACIONAL SANTA ROSA,Particular subvencionado,basica_media,Gestión Pedagógica,12,12,0,0,0,0,0,6874310.0,309652740,1,100.0,0.0,0.0,0.0
9779,CENTRO EDUCACIONAL SANTA ROSA,Particular subvencionado,basica_media,Gestión de Recursos,4,4,0,0,0,0,0,21232917.0,80525834,1,100.0,0.0,0.0,0.0
9779,CENTRO EDUCACIONAL SANTA ROSA,Particular subvencionado,basica_media,Liderazgo,5,5,0,0,0,0,0,5349600.0,70531896,1,100.0,0.0,0.0,0.0
9781,CENTRO POLITECNICO PARTICULAR SAN RAMON,Particular subvencionado,basica_media,Convivencia Escolar,6,5,1,0,0,1,0,10000000.0,90000000,1,83.33333333333333,16.666666666666668,0.0,16.666666666666668
9781,CENTRO POLITECNICO PARTICULAR SAN RAMON,Particular subvencionado,basica_media,Gestión Pedagógica,4,3,1,0,0,1,0,21000000.0,85000000,1,75.0,25.0,0.0,25.0
9781,CENTRO POLITECNICO PARTICULAR SAN RAMON,Particular subvencionado,basica_media,Gestión de Recursos,7,7,0,0,0,0,0,20000000.0,151000000,1,100.0,0.0,0.0,0.0
9781,CENTRO POLITECNICO PARTICULAR SAN RAMON,Particular subvencionado,basica_media,Liderazgo,4,3,1,0,0,1,0,18500000.0,92000000,1,75.0,25.0,0.0,25.0
9784,LICEO TÉCNICO INDUSTRIAL LA CISTERNA,Particular subvencionado,basica_media,Convivencia Escolar,3,3,0,0,0,0,0,5260000.0,20640000,1,100.0,0.0,0.0,0.0
9784,LICEO TÉCNICO INDUSTRIAL LA CISTERNA,Particular subvencionado,basica_media,Gestión Pedagógica,4,1,3,0,0,3,0,3575000.0,19500000,1,25.0,75.0,0.0,75.0
9784,LICEO TÉCNICO INDUSTRIAL LA CISTERNA,Particular subvencionado,basica_media,Gestión de Recursos,3,1,2,0,0,2,0,12300000.0,166000000,1,33.333333333333336,66.66666666666667,0.0,66.66666666666667
9784,LICEO TÉCNICO INDUSTRIAL LA CISTERNA,Particular subvencionado,basica_media,Liderazgo,2,0,2,0,0,2,0,1850000.0,3700000,1,0.0,100.0,0.0,100.0
9786,ROSA MARCKMANN DE GONZALEZ,Particular subvencionado,basica_media,Convivencia Escolar,9,7,2,3,0,5,0,4000000.0,42000000,1,77.77777777777777,22.22222222222222,33.333333333333336,55.55555555555556
9786,ROSA MARCKMANN DE GONZALEZ,Particular subvencionado,basica_media,Gestión Pedagógica,8,6,2,7,2,7,0,0.0,7500000,1,75.0,25.0,87.5,87.5
9786,ROSA MARCKMANN DE GONZALEZ,Particular subvencionado,basica_media,Gestión de Recursos,5,3,2,2,1,3,0,12000000.0,78000000,1,60.0,40.0,40.0,60.0
9786,ROSA MARCKMANN DE GONZALEZ,Particular subvencionado,basica_media,Liderazgo,5,3,2,3,2,3,0,0.0,172000000,1,60.0,40.0,60.0,60.0
9788,ESCUELA PARTICULAR GRACIELA L.DE IBANEZ,Particular subvencionado,basica_media,Convivencia Escolar,4,4,0,1,0,1,0,7507500.0,42735000,1,100.0,0.0,25.0,25.0
9788,ESCUELA PARTICULAR GRACIELA L.DE IBANEZ,Particular subvencionado,basica_media,Gestión Pedagógica,5,5,0,2,0,2,0,13335000.0,68775000,1,100.0,0.0,40.0,40.0
9788,ESCUELA PARTICULAR GRACIELA L.DE IBANEZ,Particular subvencionado,basica_media,Gestión de Recursos,6,6,0,0,0,0,0,17077500.0,110983500,1,100.0,0.0,0.0,0.0
9788,ESCUELA PARTICULAR GRACIELA L.DE IBANEZ,Particular subvencionado,basica_media,Liderazgo,2,2,0,1,0,1,0,5486250.0,10972500,1,100.0,0.0,50.0,50.0
9789,ESCUELA PARTICULAR PABLO GOYENECHE IVER,Particular subvencionado,basica_media,Convivencia Escolar,2,1,1,0,0,1,0,5000000.0,10000000,1,50.0,50.0,0.0,50.0
9789,ESCUELA PARTICULAR PABLO GOYENECHE IVER,Particular subvencionado,basica_media,Gestión Pedagógica,3,0,3,0,0,3,0,3000000.0,22000000,1,0.0,100.0,0.0,100.0
9789,ESCUELA PARTICULAR PABLO GOYENECHE IVER,Particular subvencionado,basica_media,Gestión de Recursos,2,0,2,0,0,2,0,7500000.0,15000000,1,0.0,100.0,0.0,100.0
9789,ESCUELA PARTICULAR PABLO GOYENECHE IVER,Particular subvencionado,basica_media,Liderazgo,2,0,2,0,0,2,0,4500000.0,9000000,1,0.0,100.0,0.0,100.0
9797,COLEGIO ADVENTISTA LA CISTERNA,Particular subvencionado,basica_media,Convivencia Escolar,3,3,0,0,0,0,0,12000000.0,37000000,1,100.0,0.0,0.0,0.0
9797,COLEGIO ADVENTISTA LA CISTERNA,Particular subvencionado,basica_media,Gestión Pedagógica,4,4,0,0,0,0,0,11600000.0,94200000,1,100.0,0.0,0.0,0.0
9797,COLEGIO ADVENTISTA LA CISTERNA,Particular subvencionado,basica_media,Gestión de Recursos,6,6,0,0,0,0,0,12500000.0,140000000,1,100.0,0.0,0.0,0.0
9797,COLEGIO ADVENTISTA LA CISTERNA,Particular subvencionado,basica_media,Liderazgo,4,4,0,0,0,0,0,9000000.0,53200000,1,100.0,0.0,0.0,0.0
9801,COLEGIO POLIV. SAINT ORLAND,Particular subvencionado,basica_media,Convivencia Escolar,4,4,0,0,0,0,0,5820000.0,27140000,1,100.0,0.0,0.0,0.0
9801,COLEGIO POLIV. SAINT ORLAND,Particular subvencionado,basica_media,Gestión Pedagógica,4,4,0,2,0,2,0,250000.0,2500000,1,100.0,0.0,50.0,50.0
9801,COLEGIO POLIV. SAINT ORLAND,Particular subvencionado,basica_media,Gestión de Recursos,4,4,0,1,0,1,0,28680000.0,306360000,1,100.0,0.0,25.0,25.0
9801,COLEGIO POLIV. SAINT ORLAND,Particular subvencionado,basica_media,Liderazgo,2,2,0,1,0,1,0,28000000.0,56000000,1,100.0,0.0,50.0,50.0
9804,ESCUELA PABLO DE TARSO,Particular subvencionado,basica_media,Convivencia Escolar,4,0,4,0,0,4,0,7000000.0,24500000,1,0.0,100.0,0.0,100.0
9804,ESCUELA PABLO DE TARSO,Particular subvencionado,basica_media,Gestión Pedagógica,4,0,4,0,0,4,0,750000.0,12000000,1,0.0,100.0,0.0,100.0
9804,ESCUELA PABLO DE TARSO,Particular subvencionado,basica_media,Gestión de Recursos,2,0,2,0,0,2,0,22500000.0,45000000,1,0.0,100.0,0.0,100.0
9804,ESCUELA PABLO DE TARSO,Particular subvencionado,basica_media,Liderazgo,3,3,0,0,0,0,0,2500000.0,8000000,1,100.0,0.0,0.0,0.0
9807,ESCUELA PARTICULAR LOCARNO,Particular subvencionado,basica_media,Convivencia Escolar,2,0,2,0,0,2,0,7000000.0,14000000,1,0.0,100.0,0.0,100.0
9807,ESCUELA PARTICULAR LOCARNO,Particular subvencionado,basica_media,Gestión Pedagógica,2,0,2,0,0,2,0,27500000.0,55000000,1,0.0,100.0,0.0,100.0
9807,ESCUELA PARTICULAR LOCARNO,Particular subvencionado,basica_media,Gestión de Recursos,2,0,2,0,0,2,0,6000000.0,12000000,1,0.0,100.0,0.0,100.0
9807,ESCUELA PARTICULAR LOCARNO,Particular subvencionado,basica_media,Liderazgo,2,0,2,0,0,2,0,7000000.0,14000000,1,0.0,100.0,0.0,100.0
9808,ESCUELA PARTICULAR GUIA ESTUDIANTIL,Particular subvencionado,basica_media,Convivencia Escolar,4,0,4,0,0,4,0,7500000.0,43000000,1,0.0,100.0,0.0,100.0
9808,ESCUELA PARTICULAR GUIA ESTUDIANTIL,Particular subvencionado,basica_media,Gestión Pedagógica,5,0,5,0,0,5,0,16000000.0,91000000,1,0.0,100.0,0.0,100.0
9808,ESCUELA PARTICULAR GUIA ESTUDIANTIL,Particular subvencionado,basica_media,Gestión de Recursos,2,0,2,0,0,2,0,15000000.0,30000000,1,0.0,100.0,0.0,100.0
9808,ESCUELA PARTICULAR GUIA ESTUDIANTIL,Particular subvencionado,basica_media,Liderazgo,2,2,0,0,0,0,0,17500000.0,35000000,1,100.0,0.0,0.0,0.0
9809,ESCUELA PARTICULAR SAINT PHILLIP OF NERY,Particular subvencionado,basica_media,Convivencia Escolar,6,1,5,0,0,5,0,6000000.0,35700000,1,16.666666666666668,83.33333333333333,0.0,83.33333333333333
9809,ESCUELA PARTICULAR SAINT PHILLIP OF NERY,Particular subvencionado,basica_media,Gestión Pedagógica,6,0,6,0,0,6,0,3250000.0,38800000,1,0.0,100.0,0.0,100.0
9809,ESCUELA PARTICULAR SAINT PHILLIP OF NERY,Particular subvencionado,basica_media,Gestión de Recursos,6,3,3,0,0,3,0,15500000.0,147000000,1,50.0,50.0,0.0,50.0
9809,ESCUELA PARTICULAR SAINT PHILLIP OF NERY,Particular subvencionado,basica_media,Liderazgo,4,0,4,0,0,4,0,3000000.0,11000000,1,0.0,100.0,0.0,100.0
9811,ESCUELA PART. REPUBLICA ALEMANIA FEDERAL,Particular subvencionado,basica_media,Convivencia Escolar,3,3,0,0,0,0,0,20000000.0,50000000,1,100.0,0.0,0.0,0.0
9811,ESCUELA PART. REPUBLICA ALEMANIA FEDERAL,Particular subvencionado,basica_media,Gestión Pedagógica,6,6,0,0,0,0,0,10000000.0,80000000,1,100.0,0.0,0.0,0.0
9811,ESCUELA PART. REPUBLICA ALEMANIA FEDERAL,Particular subvencionado,basica_media,Gestión de Recursos,3,3,0,0,0,0,0,80000000.0,290000000,1,100.0,0.0,0.0,0.0
9811,ESCUELA PART. REPUBLICA ALEMANIA FEDERAL,Particular subvencionado,basica_media,Liderazgo,5,5,0,0,0,0,0,20000000.0,130000000,1,100.0,0.0,0.0,0.0
9827,COLEGIO IDOP LIMITADA,Particular subvencionado,basica_media,Convivencia Escolar,6,6,0,0,0,0,0,13500000.0,84000000,1,100.0,0.0,0.0,0.0
9827,COLEGIO IDOP LIMITADA,Particular subvencionado,basica_media,Gestión Pedagógica,9,6,3,0,0,3,0,20000000.0,265000000,1,66.66666666666667,33.333333333333336,0.0,33.333333333333336
9827,COLEGIO IDOP LIMITADA,Particular subvencionado,basica_media,Gestión de Recursos,5,5,0,0,0,0,0,15000000.0,107000000,1,100.0,0.0,0.0,0.0
9827,COLEGIO IDOP LIMITADA,Particular subvencionado,basica_media,Liderazgo,3,3,0,0,0,0,0,25000000.0,65000000,1,100.0,0.0,0.0,0.0
9829,COLEGIO BICENTENARIO DE EXCELENCIA MIGUEL DE CERVANTES,Particular subvencionado,basica_media,Convivencia Escolar,2,2,0,0,0,0,0,21500000.0,43000000,1,100.0,0.0,0.0,0.0
9829,COLEGIO BICENTENARIO DE EXCELENCIA MIGUEL DE CERVANTES,Particular subvencionado,basica_media,Gestión Pedagógica,4,3,1,0,0,1,0,21000000.0,79000000,1,75.0,25.0,0.0,25.0
9829,COLEGIO BICENTENARIO DE EXCELENCIA MIGUEL DE CERVANTES,Particular subvencionado,basica_media,Gestión de Recursos,7,7,0,0,0,0,0,15000000.0,163000000,1,100.0,0.0,0.0,0.0
9829,COLEGIO BICENTENARIO DE EXCELENCIA MIGUEL DE CERVANTES,Particular subvencionado,basica_media,Liderazgo,3,2,1,0,0,1,0,15000000.0,45500000,1,66.66666666666667,33.333333333333336,0.0,33.333333333333336
9859,COLEGIO PARTICULAR VILLA JESUS,Particular subvencionado,basica_media,Convivencia Escolar,5,5,0,0,0,0,0,7000000.0,48000000,1,100.0,0.0,0.0,0.0
9859,COLEGIO PARTICULAR VILLA JESUS,Particular subvencionado,basica_media,Gestión Pedagógica,7,6,1,0,0,1,0,2000000.0,35000000,1,85.71428571428571,14.285714285714286,0.0,14.285714285714286
9859,COLEGIO PARTICULAR VILLA JESUS,Particular subvencionado,basica_media,Gestión de Recursos,5,5,0,0,0,0,0,45000000.0,340000000,1,100.0,0.0,0.0,0.0
9859,COLEGIO PARTICULAR VILLA JESUS,Particular subvencionado,basica_media,Liderazgo,4,3,1,0,0,1,0,11500000.0,45000000,1,75.0,25.0,0.0,25.0
11914,ESCUELA BASICA Nº128 SAN RAMON,Particular subvencionado,basica_media,Convivencia Escolar,2,2,0,0,0,0,0,10000000.0,20000000,1,100.0,0.0,0.0,0.0
11914,ESCUELA BASICA Nº128 SAN RAMON,Particular subvencionado,basica_media,Gestión Pedagógica,5,5,0,0,0,0,0,5000000.0,30000000,1,100.0,0.0,0.0,0.0
11914,ESCUELA BASICA Nº128 SAN RAMON,Particular subvencionado,basica_media,Gestión de Recursos,2,2,0,0,0,0,0,25000000.0,50000000,1,100.0,0.0,0.0,0.0
11914,ESCUELA BASICA Nº128 SAN RAMON,Particular subvencionado,basica_media,Liderazgo,3,3,0,0,0,0,0,5000000.0,20000000,1,100.0,0.0,0.0,0.0
11918,FROILAN YAÑEZ DE LA BARRA,Particular subvencionado,basica_media,Convivencia Escolar,4,0,4,0,0,4,0,750000.0,4800000,1,0.0,100.0,0.0,100.0
11918,FROILAN YAÑEZ DE LA BARRA,Particular subvencionado,basica_media,Gestión Pedagógica,3,3,0,0,0,0,0,3000000.0,6100000,1,100.0,0.0,0.0,0.0
11918,FROILAN YAÑEZ DE LA BARRA,Particular subvencionado,basica_media,Gestión de Recursos,2,0,2,0,0,2,0,10000000.0,20000000,1,0.0,100.0,0.0,100.0
11918,FROILAN YAÑEZ DE LA BARRA,Particular subvencionado,basica_media,Liderazgo,4,2,2,1,1,2,0,4000000.0,28000000,1,50.0,50.0,25.0,50.0
11997,ESCUELA JOSE IBAÑEZ,Particular subvencionado,basica_media,Convivencia Escolar,7,1,6,0,0,6,0,9000000.0,62000000,1,14.285714285714286,85.71428571428571,0.0,85.71428571428571
11997,ESCUELA JOSE IBAÑEZ,Particular subvencionado,basica_media,Gestión Pedagógica,7,3,4,0,0,4,0,7192350.0,68971774,1,42.857142857142854,57.142857142857146,0.0,57.142857142857146
11997,ESCUELA JOSE IBAÑEZ,Particular subvencionado,basica_media,Gestión de Recursos,8,6,2,0,0,2,0,5157960.0,43631840,1,75.0,25.0,0.0,25.0
11997,ESCUELA JOSE IBAÑEZ,Particular subvencionado,basica_media,Liderazgo,7,5,2,0,0,2,0,4000000.0,27500000,1,71.42857142857143,28.571428571428573,0.0,28.571428571428573
16827,ESCUELA ESPECIAL Y DE PARVULOS PETIT PRINCE,Particular subvencionado,especial,Convivencia Escolar,3,1,2,0,0,2,0,1800000.0,5300000,1,33.333333333333336,66.66666666666667,0.0,66.66666666666667
16827,ESCUELA ESPECIAL Y DE PARVULOS PETIT PRINCE,Particular subvencionado,especial,Gestión Pedagógica,3,1,2,2,1,3,0,0.0,1500000,1,33.333333333333336,66.66666666666667,66.66666666666667,100.0
16827,ESCUELA ESPECIAL Y DE PARVULOS PETIT PRINCE,Particular subvencionado,especial,Gestión de Recursos,3,2,1,0,0,1,0,2000000.0,9000000,1,66.66666666666667,33.333333333333336,0.0,33.333333333333336
16827,ESCUELA ESPECIAL Y DE PARVULOS PETIT PRINCE,Particular subvencionado,especial,Liderazgo,3,2,1,0,0,1,0,1000000.0,2600000,1,66.66666666666667,33.333333333333336,0.0,33.333333333333336
25017,ESC. BAS. PATR. WILLINS HOOVER KURT,Particular subvencionado,basica_media,Convivencia Escolar,5,0,5,0,0,5,0,5000000.0,44000000,1,0.0,100.0,0.0,100.0
25017,ESC. BAS. PATR. WILLINS HOOVER KURT,Particular subvencionado,basica_media,Gestión Pedagógica,6,0,6,1,1,6,0,2000000.0,16000000,1,0.0,100.0,16.666666666666668,100.0
25017,ESC. BAS. PATR. WILLINS HOOVER KURT,Particular subvencionado,basica_media,Gestión de Recursos,6,0,6,0,0,6,0,12000000.0,112000000,1,0.0,100.0,0.0,100.0
25017,ESC. BAS. PATR. WILLINS HOOVER KURT,Particular subvencionado,basica_media,Liderazgo,3,0,3,0,0,3,0,2000000.0,6000000,1,0.0,100.0,0.0,100.0
25265,COLEGIO ANTIL MAWIDA,Particular subvencionado,basica_media,Convivencia Escolar,8,8,0,0,0,0,0,1250000.0,43540000,1,100.0,0.0,0.0,0.0
25265,COLEGIO ANTIL MAWIDA,Particular subvencionado,basica_media,Gestión Pedagógica,8,8,0,0,0,0,0,250000.0,81550000,1,100.0,0.0,0.0,0.0
25265,COLEGIO ANTIL MAWIDA,Particular subvencionado,basica_media,Gestión de Recursos,6,6,0,0,0,0,0,7985000.0,70820000,1,100.0,0.0,0.0,0.0
25265,COLEGIO ANTIL MAWIDA,Particular subvencionado,basica_media,Liderazgo,5,5,0,0,0,0,0,100000.0,950000,1,100.0,0.0,0.0,0.0
25480,COLEGIO JOSE LUIS LEGRANGE DE LA CISTERNA,Particular subvencionado,basica_media,Convivencia Escolar,2,1,1,2,1,2,0,0.0,0,1,50.0,50.0,100.0,100.0
25480,COLEGIO JOSE LUIS LEGRANGE DE LA CISTERNA,Particular subvencionado,basica_media,Gestión Pedagógica,2,0,2,2,2,2,0,0.0,0,1,0.0,100.0,100.0,100.0
25480,COLEGIO JOSE LUIS LEGRANGE DE LA CISTERNA,Particular subvencionado,basica_media,Gestión de Recursos,2,0,2,2,2,2,0,0.0,0,1,0.0,100.0,100.0,100.0
25480,COLEGIO JOSE LUIS LEGRANGE DE LA CISTERNA,Particular subvencionado,basica_media,Liderazgo,2,0,2,2,2,2,0,0.0,0,1,0.0,100.0,100.0,100.0
25995,CENTRO POLITEC. CARLOS CONDELL DE LA CISTERNA,Particular subvencionado,basica_media,Convivencia Escolar,5,2,3,0,0,3,0,21000000.0,85500000,1,40.0,60.0,0.0,60.0
25995,CENTRO POLITEC. CARLOS CONDELL DE LA CISTERNA,Particular subvencionado,basica_media,Gestión Pedagógica,4,1,3,0,0,3,0,17000000.0,82800000,1,25.0,75.0,0.0,75.0
25995,CENTRO POLITEC. CARLOS CONDELL DE LA CISTERNA,Particular subvencionado,basica_media,Gestión de Recursos,5,2,3,0,0,3,0,11000000.0,56400000,1,40.0,60.0,0.0,60.0
25995,CENTRO POLITEC. CARLOS CONDELL DE LA CISTERNA,Particular subvencionado,basica_media,Liderazgo,4,1,3,0,0,3,0,8000000.0,31100000,1,25.0,75.0,0.0,75.0
26230,ESCUELA ESP. SOL NACIENTE,Particular subvencionado,especial,Convivencia Escolar,2,0,2,2,2,2,0,0.0,0,1,0.0,100.0,100.0,100.0
26230,ESCUELA ESP. SOL NACIENTE,Particular subvencionado,especial,Gestión Pedagógica,2,0,2,2,2,2,0,0.0,0,1,0.0,100.0,100.0,100.0
26230,ESCUELA ESP. SOL NACIENTE,Particular subvencionado,especial,Gestión de Recursos,2,0,2,2,2,2,0,0.0,0,1,0.0,100.0,100.0,100.0
26230,ESCUELA ESP. SOL NACIENTE,Particular subvencionado,especial,Liderazgo,4,0,4,4,4,4,0,0.0,0,1,0.0,100.0,100.0,100.0
26278,ESCUELA BASICA ARISTA VITAE,Particular subvencionado,basica_media,Convivencia Escolar,2,2,0,2,0,2,0,0.0,0,1,100.0,0.0,100.0,100.0
26278,ESCUELA BASICA ARISTA VITAE,Particular subvencionado,basica_media,Gestión Pedagógica,2,2,0,2,0,2,0,0.0,0,1,100.0,0.0,100.0,100.0
26278,ESCUELA BASICA ARISTA VITAE,Particular subvencionado,basica_media,Gestión de Recursos,2,2,0,2,0,2,0,0.0,0,1,100.0,0.0,100.0,100.0
26278,ESCUELA BASICA ARISTA VITAE,Particular subvencionado,basica_media,Liderazgo,2,2,0,2,0,2,0,0.0,0,1,100.0,0.0,100.0,100.0
26337,ESCUELA ESPECIAL ADAES,Particular subvencionado,especial,Convivencia Escolar,2,2,0,2,0,2,0,0.0,0,1,100.0,0.0,100.0,100.0
26337,ESCUELA ESPECIAL ADAES,Particular subvencionado,especial,Gestión Pedagógica,2,2,0,2,0,2,0,0.0,0,1,100.0,0.0,100.0,100.0
26337,ESCUELA ESPECIAL ADAES,Particular subvencionado,especial,Gestión de Recursos,2,1,1,2,1,2,0,0.0,0,1,50.0,50.0,100.0,100.0
26337,ESCUELA ESPECIAL ADAES,Particular subvencionado,especial,Liderazgo,2,1,1,2,1,2,0,0.0,0,1,50.0,50.0,100.0,100.0
26351,ESCUELA ESPECIAL N°2253 ANTULAF,Particular subvencionado,especial,Convivencia Escolar,5,2,3,0,0,3,0,500000.0,2300000,1,40.0,60.0,0.0,60.0
26351,ESCUELA ESPECIAL N°2253 ANTULAF,Particular subvencionado,especial,Gestión Pedagógica,6,3,3,0,0,3,0,750000.0,4300000,1,50.0,50.0,0.0,50.0
26351,ESCUELA ESPECIAL N°2253 ANTULAF,Particular subvencionado,especial,Gestión de Recursos,5,0,5,0,0,5,0,500000.0,3500000,1,0.0,100.0,0.0,100.0
26351,ESCUELA ESPECIAL N°2253 ANTULAF,Particular subvencionado,especial,Liderazgo,2,0,2,0,0,2,0,750000.0,1500000,1,0.0,100.0,0.0,100.0
26359,ESCUELA ESPECIAL GABRIELA RUBIO,Particular subvencionado,especial,Convivencia Escolar,2,0,2,2,2,2,0,0.0,0,1,0.0,100.0,100.0,100.0
26359,ESCUELA ESPECIAL GABRIELA RUBIO,Particular subvencionado,especial,Gestión Pedagógica,3,1,2,3,2,3,0,0.0,0,1,33.333333333333336,66.66666666666667,100.0,100.0
26359,ESCUELA ESPECIAL GABRIELA RUBIO,Particular subvencionado,especial,Gestión de Recursos,2,0,2,2,2,2,0,0.0,0,1,0.0,100.0,100.0,100.0
26359,ESCUELA ESPECIAL GABRIELA RUBIO,Particular subvencionado,especial,Liderazgo,2,0,2,2,2,2,0,0.0,0,1,0.0,100.0,100.0,100.0
26384,COLEGIO TEC. PROF. SAN RAMON LA CISTERNA,Particular subvencionado,basica_media,Convivencia Escolar,6,6,0,0,0,0,0,800000.0,4800000,1,100.0,0.0,0.0,0.0
26384,COLEGIO TEC. PROF. SAN RAMON LA CISTERNA,Particular subvencionado,basica_media,Gestión Pedagógica,7,4,3,0,0,3,0,800000.0,6300000,1,57.142857142857146,42.857142857142854,0.0,42.857142857142854
26384,COLEGIO TEC. PROF. SAN RAMON LA CISTERNA,Particular subvencionado,basica_media,Gestión de Recursos,4,2,2,0,0,2,0,4000000.0,28500000,1,50.0,50.0,0.0,50.0
26384,COLEGIO TEC. PROF. SAN RAMON LA CISTERNA,Particular subvencionado,basica_media,Liderazgo,5,5,0,0,0,0,0,800000.0,4900000,1,100.0,0.0,0.0,0.0
31283,ESCUELA LENG. Y PARVULOS  HORMIGUITA,Particular subvencionado,especial,Convivencia Escolar,2,1,1,0,0,1,0,1100000.0,2200000,1,50.0,50.0,0.0,50.0
31283,ESCUELA LENG. Y PARVULOS  HORMIGUITA,Particular subvencionado,especial,Gestión Pedagógica,5,5,0,0,0,0,0,200000.0,8280000,1,100.0,0.0,0.0,0.0
31283,ESCUELA LENG. Y PARVULOS  HORMIGUITA,Particular subvencionado,especial,Gestión de Recursos,2,2,0,1,0,1,0,750000.0,1500000,1,100.0,0.0,50.0,50.0
31283,ESCUELA LENG. Y PARVULOS  HORMIGUITA,Particular subvencionado,especial,Liderazgo,2,1,1,0,0,1,0,4000000.0,8000000,1,50.0,50.0,0.0,50.0
31518,ESCUELA ESPECIAL Y DE PÁRVULOS HORMIGUITA 2,Particular subvencionado,especial,Convivencia Escolar,2,1,1,0,0,1,0,1100000.0,2200000,1,50.0,50.0,0.0,50.0
31518,ESCUELA ESPECIAL Y DE PÁRVULOS HORMIGUITA 2,Particular subvencionado,especial,Gestión Pedagógica,5,5,0,0,0,0,0,200000.0,8620000,1,100.0,0.0,0.0,0.0
31518,ESCUELA ESPECIAL Y DE PÁRVULOS HORMIGUITA 2,Particular subvencionado,especial,Gestión de Recursos,2,2,0,1,0,1,0,750000.0,1500000,1,100.0,0.0,50.0,50.0
31518,ESCUELA ESPECIAL Y DE PÁRVULOS HORMIGUITA 2,Particular subvencionado,especial,Liderazgo,2,1,1,0,0,1,0,4000000.0,8000000,1,50.0,50.0,0.0,50.0
