anio,grado,indicador_std,filas,faltantes,pct_faltante
2023,2m,AM,24,1,4.166666666666667
2023,2m,CC,24,1,4.166666666666667
2023,2m,HV,24,1,4.166666666666667
2023,2m,PF,24,1,4.166666666666667
2023,4b,AM,32,0,0.0
2023,4b,CC,32,0,0.0
2023,4b,HV,32,0,0.0
2023,4b,PF,32,0,0.0
2024,2m,AM,24,0,0.0
2024,2m,CC,24,0,0.0
2024,2m,HV,24,0,0.0
2024,2m,PF,24,0,0.0
2024,4b,AM,33,1,3.0303030303030303
2024,4b,CC,33,2,6.0606060606060606
2024,4b,HV,33,1,3.0303030303030303
2024,4b,PF,33,1,3.0303030303030303
2024,6b,AM,33,1,3.0303030303030303
2024,6b,CC,33,2,6.0606060606060606
2024,6b,HV,33,1,3.0303030303030303
2024,6b,PF,33,1,3.0303030303030303
2025,2m,AM,24,0,0.0
2025,2m,CC,24,0,0.0
2025,2m,HV,24,0,0.0
2025,2m,PF,24,0,0.0
2025,4b,AM,32,0,0.0
2025,4b,CC,32,0,0.0
2025,4b,HV,32,0,0.0
2025,4b,PF,32,0,0.0
2025,8b,AM,32,0,0.0
2025,8b,CC,32,2,6.25
2025,8b,HV,32,0,0.0
2025,8b,PF,32,0,0.0
