fuente,campo,tipo_antes,filas,nulos_reales,texto_vacio,distintos
directorio,anio,int64,238,0,0,4
directorio,rbd,int64,238,0,0,60
directorio,nombre,str,238,0,0,61
directorio,dependencia,str,238,0,0,3
directorio,sostenedor_rut_sin_dv,str,238,0,0,47
directorio,matricula_total,int64,238,0,0,203
directorio,oferta,str,238,0,0,2
directorio,codigos_ensenanza,object,238,0,0,18
pas,archivo_anio,int64,110,0,0,4
pas,fila_excel,int64,110,0,0,110
pas,pa_id,int64,110,0,0,110
pas,rbd,int64,110,0,0,39
pas,nombre_fuente,str,110,0,0,40
pas,comuna_fuente,str,110,0,0,1
pas,dependencia_fuente,str,110,0,0,2
pas,anio_ingreso,int64,110,0,0,6
pas,fecha_ingreso_aaaammdd,int64,110,0,0,93
pas,anio_termino,int64,110,0,0,5
pas,fecha_termino_aaaammdd,float64,110,21,0,76
pas,actividad,str,110,0,0,2
pas,programa,str,110,0,0,6
pas,estado,str,110,0,0,4
pas,instancia,str,110,0,0,3
pas,amonestacion_primera,int64,110,0,0,2
pas,multa_primera,int64,110,0,0,2
pas,reintegro_primera,int64,110,0,0,1
pas,monto_multa_primera,int64,110,0,0,22
pas,monto_reintegro_primera,int64,110,0,0,1
pas,multa_segunda,int64,110,0,0,2
pas,reintegro_segunda,int64,110,0,0,1
pas,monto_multa_segunda,int64,110,0,0,10
pas,monto_reintegro_segunda,int64,110,0,0,1
pas,reclamacion,int64,110,0,0,2
pas,resolucion_termino,str,110,12,0,98
pas,resolucion_reclamacion,float64,110,88,0,23
simce,anio,int64,236,0,0,3
simce,rbd,int64,236,0,0,43
simce,grado,str,236,0,0,4
simce,nombre_fuente,str,236,0,0,56
simce,grupo_socioeconomico_codigo,str,236,0,4,6
simce,version_base,str,236,0,0,4
simce,fecha_base_aaaammdd,str,236,0,0,4
simce,archivo_interno,str,236,0,0,8
simce,medidas_originales,object,236,0,0,234
idps,anio,int64,936,0,0,3
idps,rbd,int64,936,0,0,43
idps,grado,str,936,0,0,4
idps,indicador_codigo_original,str,936,0,0,8
idps,indicador,str,936,0,0,4
idps,promedio_original,str,936,0,16,37
idps,diferencia_original,str,936,224,57,35
idps,significancia_original,str,936,224,57,5
idps,grupo_socioeconomico_codigo,str,936,0,8,6
idps,version_base,str,936,0,0,5
idps,fecha_base_aaaammdd,str,936,0,0,5
idps,archivo_interno,str,936,0,0,8
idps,archivo_csv,str,936,0,0,8
pme,fila_excel,str,767,0,0,767
pme,RBD,str,767,0,0,46
pme,COD_DEPE,str,767,0,0,2
pme,DIMENSION,str,767,0,0,4
pme,ESTIM_TOTAL,str,767,0,0,162
pme,ESTIM_SEP,str,767,0,0,157
pme,NIV_IMPLEM,str,767,0,0,6
pme,duplicado_exacto_adicional,str,767,0,0,1
pme,total_mayor_1000_millones,str,767,0,0,1
oc,anio,str,1034,0,0,4
oc,codigo_oc,str,1034,0,0,1034
oc,comprador,str,1034,0,0,2
oc,unidad_compra,str,1034,0,0,2
oc,fecha_envio,str,1034,0,0,382
oc,nombre_oc,str,1034,0,0,1028
oc,descripcion_oc,str,1034,0,0,1030
oc,estado_oc,str,1034,0,0,5
oc,procedencia_oc,str,1034,0,0,5
oc,trato_directo,str,1034,0,0,2
oc,moneda_oc,str,1034,0,0,3
oc,monto_total_oc_clp,str,1034,0,13,916
oc,monto_oc_vigente_clp,str,1034,0,21,910
oc,rbd_asignado,str,1034,0,397,9
oc,vinculo_rbd,str,1034,0,0,2
oc,archivo_fuente,str,1034,0,0,24
