rbd,nombre,sector,acciones,senal_revision,pct_senal_revision,estimacion_cero,no_completas,pct_senal_estricta,accion_propuesta
9771,CHILEAN EAGLES COLLEGE - LA CISTERNA,Particular subvencionado,32,32,100.0,4,31,12.5,"Solicitar detalle de estimación, avance y respaldo de acciones señaladas"
25017,ESC. BAS. PATR. WILLINS HOOVER KURT,Particular subvencionado,20,20,100.0,1,20,5.0,"Solicitar detalle de estimación, avance y respaldo de acciones señaladas"
9730,COLEGIO ANTU,Público,21,19,90.47619047619048,15,15,71.42857142857143,"Solicitar detalle de estimación, avance y respaldo de acciones señaladas"
9499,ESCUELA HOGAR DE CIEGOS SANTA LUCIA,Particular subvencionado,18,18,100.0,18,5,100.0,"Solicitar detalle de estimación, avance y respaldo de acciones señaladas"
9722,LICEO PORTAL DE LA CISTERNA,Público,20,18,90.0,10,18,50.0,"Solicitar detalle de estimación, avance y respaldo de acciones señaladas"
9809,ESCUELA PARTICULAR SAINT PHILLIP OF NERY,Particular subvencionado,22,18,81.81818181818181,0,18,0.0,"Solicitar detalle de estimación, avance y respaldo de acciones señaladas"
9786,ROSA MARCKMANN DE GONZALEZ,Particular subvencionado,27,18,66.66666666666667,15,8,55.55555555555556,"Solicitar detalle de estimación, avance y respaldo de acciones señaladas"
9706,ESCUELA BAS. OSCAR ENCALADA YOVANOVICH,Público,13,13,100.0,12,13,92.3076923076923,"Solicitar detalle de estimación, avance y respaldo de acciones señaladas"
26351,ESCUELA ESPECIAL N°2253 ANTULAF,Particular subvencionado,18,13,72.22222222222223,0,13,0.0,"Solicitar detalle de estimación, avance y respaldo de acciones señaladas"
25995,CENTRO POLITEC. CARLOS CONDELL DE LA CISTERNA,Particular subvencionado,18,12,66.66666666666667,0,12,0.0,"Solicitar detalle de estimación, avance y respaldo de acciones señaladas"
9808,ESCUELA PARTICULAR GUIA ESTUDIANTIL,Particular subvencionado,13,11,84.61538461538461,0,11,0.0,"Solicitar detalle de estimación, avance y respaldo de acciones señaladas"
26230,ESCUELA ESP. SOL NACIENTE,Particular subvencionado,10,10,100.0,10,10,100.0,"Solicitar detalle de estimación, avance y respaldo de acciones señaladas"
9804,ESCUELA PABLO DE TARSO,Particular subvencionado,13,10,76.92307692307692,0,10,0.0,"Solicitar detalle de estimación, avance y respaldo de acciones señaladas"
26359,ESCUELA ESPECIAL GABRIELA RUBIO,Particular subvencionado,9,9,100.0,9,8,100.0,"Solicitar detalle de estimación, avance y respaldo de acciones señaladas"
9700,COLEGIO PALESTINO,Público,12,9,75.0,1,9,8.333333333333332,"Solicitar detalle de estimación, avance y respaldo de acciones señaladas"
9807,ESCUELA PARTICULAR LOCARNO,Particular subvencionado,8,8,100.0,0,8,0.0,"Solicitar detalle de estimación, avance y respaldo de acciones señaladas"
25480,COLEGIO JOSE LUIS LEGRANGE DE LA CISTERNA,Particular subvencionado,8,8,100.0,8,7,100.0,"Solicitar detalle de estimación, avance y respaldo de acciones señaladas"
26278,ESCUELA BASICA ARISTA VITAE,Particular subvencionado,8,8,100.0,8,0,100.0,"Solicitar detalle de estimación, avance y respaldo de acciones señaladas"
26337,ESCUELA ESPECIAL ADAES,Particular subvencionado,8,8,100.0,8,2,100.0,"Solicitar detalle de estimación, avance y respaldo de acciones señaladas"
9789,ESCUELA PARTICULAR PABLO GOYENECHE IVER,Particular subvencionado,9,8,88.88888888888889,0,8,0.0,"Solicitar detalle de estimación, avance y respaldo de acciones señaladas"
11918,FROILAN YAÑEZ DE LA BARRA,Particular subvencionado,13,8,61.53846153846154,1,8,7.6923076923076925,"Solicitar detalle de estimación, avance y respaldo de acciones señaladas"
9754,INSTITUTO COMERCIAL PARTICULAR LA CISTERNA,Particular subvencionado,14,8,57.142857142857146,0,8,0.0,"Solicitar detalle de estimación, avance y respaldo de acciones señaladas"
9784,LICEO TÉCNICO INDUSTRIAL LA CISTERNA,Particular subvencionado,12,7,58.333333333333336,0,7,0.0,"Solicitar detalle de estimación, avance y respaldo de acciones señaladas"
16827,ESCUELA ESPECIAL Y DE PARVULOS PETIT PRINCE,Particular subvencionado,12,7,58.333333333333336,2,6,16.666666666666664,"Solicitar detalle de estimación, avance y respaldo de acciones señaladas"
