anio,etapa,filas
2022,Nacional,16601
2022,La Cisterna,107
2022,Funcionamiento y matrícula informada,63
2022,Censo de dependencias seleccionadas,60
2023,Nacional,16659
2023,La Cisterna,107
2023,Funcionamiento y matrícula informada,61
2023,Censo de dependencias seleccionadas,60
2024,Nacional,16694
2024,La Cisterna,107
2024,Funcionamiento y matrícula informada,60
2024,Censo de dependencias seleccionadas,59
2025,Nacional,16768
2025,La Cisterna,107
2025,Funcionamiento y matrícula informada,60
2025,Censo de dependencias seleccionadas,59
