anio,codigo_oc,comprador,unidad_compra,rbd_mencionados,otra_comuna_mencionada,nombre_oc,descripcion_oc,motivo_pendiente,archivo_fuente
2022,2765-1119-SE22,municipal,MUNICIPAL,9699 | 9701 | 9730,0,COCTEL CIERRE DE INTERVENCIONES EN COLEGIOS (SENDA,"Solicitud N°1655 Dirección de Desarrollo Comunitario/Senda Coordinación y contacto Sr. Luis Merino Montt, teléfono +569 89427042 correo: lmerino@cisterna.cl Obligación 36-1119 DIDECO/Previene (2), Archivo",unidad_municipal_fuera_educacion,municipal_2022_Sem2.7z:1100488OCTratoDirecto.csv
2022,2767-103-SE22,municipal,SECPLAC,9703,0,Adquisición Datashow DEM La Cisterna(FAEP),"Pre obligación 5/34 Se adquieren equipos datashow para educación, con cargo a recursos FAEP. contacto para la adquisición Sra. Veronica Bustos",unidad_municipal_fuera_educacion,municipal_2022_Sem2.7z:1100488OCLicitacion.csv
2022,2767-104-SE22,municipal,SECPLAC,9693 | 9699 | 9700 | 9701 | 9706 | 9730,0,Adquisición Datashow DEM La Cisterna (SEP),"Pre obligación 5/33 Se adquieren equipos datashow para educación, con cargo a recursos SEP. contacto para la adquisición Sra. Verónica Bustos",unidad_municipal_fuera_educacion,municipal_2022_Sem2.7z:1100488OCLicitacion.csv
2022,2767-89-SE22,municipal,SECPLAC,9700,0,Adquisición Textos Colegio Palestino La Cisterna,"Pre obligación 5/117 Se requiere efectuar la adquisición de Texto de Estudio, conforme lo establecido en Decreto Alcaldicio N° 004850. Contacto para la adquisición Sra. Sandra Carrasco, Directora Colegio Palestino",unidad_municipal_fuera_educacion,municipal_2022_Sem2.7z:1100488OCTratoDirecto.csv
2023,2765-1012-SE23,municipal,MUNICIPAL,9706,0,Lienzo para Casa de la Cultura ,"Solicitud 1537 DIDECO Contacto Víctor Araya Alarcón, correo varaya@cisterna.cl, teléfono 985335975. Obligación 36- Dideco (2), Archivo.    ",unidad_municipal_fuera_educacion,municipal_2023_Sem2.7z:1100488OCTratoDirecto.csv
2023,2765-1090-SE23,municipal,MUNICIPAL,9722,0,2 FUNCIONES DE TEATRO,"Solicitud 1684 DIDECO Contacto Luis Merino Montt correo lmerino@cisterna.cl, teléfono 989427042 Obligación 36-1090 DIDECO (2), Archivo.",unidad_municipal_fuera_educacion,municipal_2023_Sem2.7z:1100488OCTratoDirecto.csv
2023,2765-1265-SE23,municipal,MUNICIPAL,9730,0,Arriendo de 2 buses dia 17 y 18 de noviembre,"Solicitud 1956 Dirección de Desarrollo Comunitario/OOCC. Contacto Carolina Silva Estay, teléfono 956511464, correo csilva@cisterna.cl Obligación 36- Dideco (2), Archivo",unidad_municipal_fuera_educacion,municipal_2023_Sem2.7z:1100488OCTratoDirecto.csv
2023,2765-1323-SE23,municipal,MUNICIPAL,9701,0,Servicio de coctelería 22 de diciembre ,"Solicitud 1921, Departamento de Educación  Contacto: Marina Valdés Ramírez Celular: +56920650040 Correo: mvaldes@cisterna.cl Obligación: 36-1323 Departamento de Educación (2), Archivo.   ",unidad_municipal_fuera_educacion,municipal_2023_Sem2.7z:1100488OCTratoDirecto.csv
2023,2765-639-AG23,municipal,MUNICIPAL,9706,0,Pasacalles y pendón compra ágil: 2765-349-COT23,"Solicitud 955 DIDECO/Cultura Contacto Víctor Araya Alarcón, correo ps.victor.araya@gmail.com, teléfono 985335975 Obligación 36- Dideco (2), Archivo. Orden de Compra codigo: 2765-639-AG23 dirigida a GRUPO AG PUBLICIDAD LIMITADA",unidad_municipal_fuera_educacion,municipal_2023_Sem1.7z:1100488OCCompraAgil.csv
2023,2765-738-SE23,municipal,MUNICIPAL,9701,1,Arriendo de bus 14/07/20223,"Solicitud 1146, DIDECO/Cultura Contacto: Victor Araya, correo: ps.victor.araya@gmail.com, tel: +56985335975 Obligación 36-738 DIDECO (2), archivo",unidad_municipal_fuera_educacion,municipal_2023_Sem2.7z:1100488OCTratoDirecto.csv
2023,2767-23-SE23,municipal,SECPLAC,9699,0,ORDEN DE COMPRA DESDE 2767-93-LP22,Cambio de cubierta escuela Naciones Unidas DESDE 2767-93-LP22,unidad_municipal_fuera_educacion,municipal_2023_Sem1.7z:1100488OCLicitacion.csv
2023,2767-83-SE23,municipal,SECPLAC,9699 | 9700 | 9701 | 9703 | 9706 | 9722 | 9730,0,TRATO DIRECTO  PROGRAMAS COMPTACIONALES,"contratar el servicio de los programas computacionales KINTUN y TOKIN a partir del 20 de diciembre de 2023 hasta el 29 de febrero de 2024 para una totalidad de 20517 alumnos de los establecimientos Palestino, Esperanza Joven, Oscar Encalada, Naciones Unidas, Portal de La Cisterna, Antú y Olof Palme",unidad_municipal_fuera_educacion,municipal_2023_Sem2.7z:1100488OCTratoDirecto.csv
2024,2765-1152-SE24,municipal,MUNICIPAL,9693,0,Regularice Arriendo de Bus Funeral,"Solicitud:1674 Dideco Coordinación y contacto: Sr. Roberto Carlos Ponce  Macias, teléfono: +56933193863, correo: unidadtecnica@cisterna.cl Obligación:36-1152 Dideco(2), archivo ",unidad_municipal_fuera_educacion,municipal_2024_Sem2.7z:1100488OCTratoDirecto.csv
2024,2765-587-AG24,municipal,MUNICIPAL,9693 | 9699 | 9700 | 9701 | 9703 | 9730,0,ARRIENDO DE BUSES Orden de Compra generada por invitación a compra ágil: 2765-343-COT24,"Solicitud 917 DIDECO Contacto Sra. Ana Jara Morales, Bastián Muñoz Severino  teléfono 966225449 / 994421013, correo utcomunitario@cisterna.cl ajara@cisterna.cl OBLIGACIÓN 36-587 DIDECO (2), Archivo. Orden de Compra código: 2765-587-AG24 dirigida a MOBILITY SPA",unidad_municipal_fuera_educacion,municipal_2024_Sem1.7z:1100488OCCompraAgil.csv
2024,2765-708-AG24,municipal,MUNICIPAL,9699,0,ARRIENDO DE BUSES Orden de Compra generada por invitación a compra ágil: 2765-418-COT24,"Solicitud 1078 DIDECO Contacto para coordinar Sr. Francisco Soriano Bascur teléfono 999165954 correo deportes@cisterna.cl Obligación 36-708 DIDECO (2), Archivo.-   Orden de Compra codigo: 2765-708-AG24 dirigida a MOBILITY SPA",unidad_municipal_fuera_educacion,municipal_2024_Sem1.7z:1100488OCCompraAgil.csv
2024,2765-736-AG24,municipal,MUNICIPAL,9706,1,Catering 80 Personas  4/7-18/7-1/8  compra ágil: 2765-443-COT24,"Solicitud 1121 DIDECO/Escuela Comunitaria de Autoaprendizaje coordinación y contacto: Srta. Carolina Silva Estay, teléfono:+56956511464, correo: csilva@cisterna.cl Obligación:36-736 Dideco Esc. Comunitaria(2), archivo actividad a realizarse los días 04/07-18/07 y 01/08/2024",unidad_municipal_fuera_educacion,municipal_2024_Sem2.7z:1100488OCCompraAgil.csv
2024,2765-826-SE24,municipal,MUNICIPAL,9706,1,"Catering 100 personas, lanzamiento Programa Lazos","Solicitud 1262 Alcaldía Contacto: Camilo Melivilu Maturana, teléfono 949520599, correo cmelivilu@cisterna.cl Dirección: Pedro Aguirre Cerda N°0184, La Cisterna Obligación 36-826 Alcaldía (2), archivo",unidad_municipal_fuera_educacion,municipal_2024_Sem2.7z:1100488OCTratoDirecto.csv
2024,2765-844-SE24,municipal,MUNICIPAL,9706,1,"Catering 100 personas, Preuniversitario Comunal 22","Solicitud 1278 DIrección de Desarrollo Comunitario/OOCC Contacto: Ana Jara Morales, teléfono 966225449, correo ajara@cisterna.cl Dirección: Pedro Aguirre Cerda 184, La cisterna Obligación 36-844 DIDECO (2), archivo",unidad_municipal_fuera_educacion,municipal_2024_Sem2.7z:1100488OCTratoDirecto.csv
2024,2765-981-AG24,municipal,MUNICIPAL,9706,0,Catering y Juegos Inflables Escuela y Comunidad a compra ágil: 2765-600-COT24,"Solicitud: 1401 Departamento de Educación coordinación y contacto: Sra.Marina Valdes, Teléfono: +56920650040,correomvaldes@cisterna.cl Obligación: 36-981 Dpto. Educación(2), archivo   2152208011  Programa: Social",unidad_municipal_fuera_educacion,municipal_2024_Sem2.7z:1100488OCCompraAgil.csv
2024,2767-107-SE24,municipal,SECPLAC,9699 | 9701 | 9703 | 9706 | 9730,0,Servicio Internet Colegios Municipales La Cisterna,"Pre obligación 5/296 Se autoriza Trato Directo por la contratación de Servicio de Internet para los establecimientos educativos Municipales de La Cisterna. La Unidad Técnica del presente Servicio corresponde al Depto. de Educación Municipal, quien deberá velar por el correcto funcionamiento del servicio contratado. ",unidad_municipal_fuera_educacion,municipal_2024_Sem2.7z:1100488OCTratoDirecto.csv
2024,2767-18-SE24,municipal,SECPLAC,9703,0,ORDEN DE COMPRA DESDE 2767-78-LE23,PRE OBLIGACIÓN 5/7 REPARACION DE BAÑOS COLEGIO ESPERANZA JOVEN DESDE 2767-78-LE23 UNIDAD TÉCNICA DEPARTAMENTO DE EDUCACIÓN MUNICIPAL.,unidad_municipal_fuera_educacion,municipal_2024_Sem1.7z:1100488OCLicitacion.csv
2024,2767-42-SE24,municipal,SECPLAC,9699 | 9701 | 9706 | 9730,0,Trato Directo Plataforma de Ingles Establecimiento,"El Servicio de contratación de programas computacionales Plataforma de Ingles,  para los establecimientos educacionales (Escuela Básica Oscar Encalada, Colegio Naciones Unidas, Colegio Antú y Liceo Polivalente Olof Palme), se entregará desde mayo de 2024,  para un total de 1.000 alumnos de estos establecimientos.",unidad_municipal_fuera_educacion,municipal_2024_Sem1.7z:1100488OCTratoDirecto.csv
2024,2767-62-SE24,municipal,SECPLAC,9706,1,Conservacion colegio Oscar Encalada Y.,"obras destinadas a conservar la fachada (paramento exterior o conjunto de caras exteriores) del Establecimiento Educacional Oscar Encalada Yovanovich, ubicado en Av. Pedro Aguirre Cerda N°184 de la comuna de La Cisterna. ",unidad_municipal_fuera_educacion,municipal_2024_Sem1.7z:1100488OCLicitacion.csv
2024,2767-93-SE24,municipal,SECPLAC,9693 | 9699 | 9703 | 9706,0,Taller RPaula Manual Docente La Cisterna,"Pre obligación 5/230 Taller Rpaula Manual Docente, para 19 profesionales de Establecimientos Municipales de La Cisterna. Unidad Técnica Depto. de Educación, Sra Jimena Jimenez Gonzalez",unidad_municipal_fuera_educacion,municipal_2024_Sem2.7z:1100488OCTratoDirecto.csv
2024,2767-97-SE24,municipal,SECPLAC,9700,0,ORDEN DE COMPRA DESDE 2767-71-LE24,SOMBREADERO MULTICANCHA COLEGIO PALESTINO DESDE 2767-71-LE24,unidad_municipal_fuera_educacion,municipal_2024_Sem2.7z:1100488OCLicitacion.csv
2025,1339159-103-AG25,slep,PROGRAMA 02,9693,1,IRG - Equipamiento Telecomunicaciones Orden de Compra generada por invitación a compra ágil: 1339159-70-COT25,Orden de Compra codigo: 1339159-103-AG25 dirigida a HM SERVICE SPA,slep_multicomuna_o_multi_rbd,slep_2025_Sem2.7z:21890640CompraAgil.csv
