numero_anexo,dependencia_original,decreto,fecha_decreto,factura,fecha_factura,tipo,comodato,modelo_original,pagina_pdf,tabla,fila_tabla,id_fila,dependencia,familia,rbd
1,Escuela Volcán Llaima,207,2021-08-24,13960,2021-07-02,Tablet,No existe comodato,GALAXY TAB A8 2019 LTE/ T295 SILVER,31,1,2,sin_comodato_31_1_2,Volcán Llaima,Samsung A8/T295,19927
2,Escuela Volcán Llaima,207,2021-08-24,13960,2021-07-02,Tablet,No existe comodato,GALAXY TAB A8 2019 LTE/ T295 SILVER,31,1,3,sin_comodato_31_1_3,Volcán Llaima,Samsung A8/T295,19927
3,Escuela Volcán Llaima,207,2021-08-24,13960,2021-07-02,Tablet,No existe comodato,GALAXY TAB A8 2019 LTE/ T295 SILVER,31,1,4,sin_comodato_31_1_4,Volcán Llaima,Samsung A8/T295,19927
4,Escuela Volcán Llaima,207,2021-08-24,13960,2021-07-02,Tablet,No existe comodato,GALAXY TAB A8 2019 LTE/ T295 SILVER,31,1,5,sin_comodato_31_1_5,Volcán Llaima,Samsung A8/T295,19927
5,Escuela Volcán Llaima,207,2021-08-24,13960,2021-07-02,Tablet,No existe comodato,GALAXY TAB A8 2019 LTE/ T295 SILVER,31,1,6,sin_comodato_31_1_6,Volcán Llaima,Samsung A8/T295,19927
6,Escuela Volcán Llaima,207,2021-08-24,13960,2021-07-02,Tablet,No existe comodato,GALAXY TAB A8 2019 LTE/ T295 SILVER,31,1,7,sin_comodato_31_1_7,Volcán Llaima,Samsung A8/T295,19927
7,Escuela Volcán Llaima,207,2021-08-24,13960,2021-07-02,Tablet,No existe comodato,GALAXY TAB A8 2019 LTE/ T295 SILVER,31,1,8,sin_comodato_31_1_8,Volcán Llaima,Samsung A8/T295,19927
8,Escuela Volcán Llaima,207,2021-08-24,13960,2021-07-02,Tablet,No existe comodato,GALAXY TAB A8 2019 LTE/ T295 SILVER,31,1,9,sin_comodato_31_1_9,Volcán Llaima,Samsung A8/T295,19927
9,Escuela Volcán Llaima,207,2021-08-24,13960,2021-07-02,Tablet,No existe comodato,GALAXY TAB A8 2019 LTE/ T295 SILVER,31,1,10,sin_comodato_31_1_10,Volcán Llaima,Samsung A8/T295,19927
10,Escuela Volcán Llaima,207,2021-08-24,13960,2021-07-02,Tablet,No existe comodato,GALAXY TAB A8 2019 LTE/ T295 SILVER,31,1,11,sin_comodato_31_1_11,Volcán Llaima,Samsung A8/T295,19927
11,Escuela Volcán Llaima,207,2021-08-24,13960,2021-07-02,Tablet,No existe comodato,GALAXY TAB A8 2019 LTE/ T295 SILVER,31,1,12,sin_comodato_31_1_12,Volcán Llaima,Samsung A8/T295,19927
12,Escuela Volcán Llaima,207,2021-08-24,13960,2021-07-02,Tablet,No existe comodato,GALAXY TAB A8 2019 LTE/ T295 SILVER,31,1,13,sin_comodato_31_1_13,Volcán Llaima,Samsung A8/T295,19927
13,Escuela Volcán Llaima,207,2021-08-24,13960,2021-07-02,Tablet,No existe comodato,GALAXY TAB A8 2019 LTE/ T295 SILVER,31,1,14,sin_comodato_31_1_14,Volcán Llaima,Samsung A8/T295,19927
14,Escuela Volcán Llaima,207,2021-08-24,13960,2021-07-02,Tablet,No existe comodato,GALAXY TAB A8 2019 LTE/ T295 SILVER,31,1,15,sin_comodato_31_1_15,Volcán Llaima,Samsung A8/T295,19927
15,Escuela Volcán Llaima,207,2021-08-24,13960,2021-07-02,Tablet,No existe comodato,GALAXY TAB A8 2019 LTE/ T295 SILVER,31,1,16,sin_comodato_31_1_16,Volcán Llaima,Samsung A8/T295,19927
16,Escuela Volcán Llaima,207,2021-08-24,13960,2021-07-02,Tablet,No existe comodato,GALAXY TAB A8 2019 LTE/ T295 SILVER,31,1,17,sin_comodato_31_1_17,Volcán Llaima,Samsung A8/T295,19927
17,Escuela Volcán Llaima,207,2021-08-24,13960,2021-07-02,Tablet,No existe comodato,GALAXY TAB A8 2019 LTE/ T295 SILVER,31,1,18,sin_comodato_31_1_18,Volcán Llaima,Samsung A8/T295,19927
18,Escuela Volcán Llaima,207,2021-08-24,13960,2021-07-02,Tablet,No existe comodato,GALAXY TAB A8 2019 LTE/ T295 SILVER,31,1,19,sin_comodato_31_1_19,Volcán Llaima,Samsung A8/T295,19927
19,Escuela Volcán Llaima,207,2021-08-24,13960,2021-07-02,Tablet,No existe comodato,GALAXY TAB A8 2019 LTE/ T295 SILVER,31,1,20,sin_comodato_31_1_20,Volcán Llaima,Samsung A8/T295,19927
20,Escuela Volcán Llaima,207,2021-08-24,13960,2021-07-02,Tablet,No existe comodato,GALAXY TAB A8 2019 LTE/ T295 SILVER,31,1,21,sin_comodato_31_1_21,Volcán Llaima,Samsung A8/T295,19927
21,Escuela Volcán Llaima,207,2021-08-24,13960,2021-07-02,Tablet,No existe comodato,GALAXY TAB A8 2019 LTE/ T295 SILVER,31,1,22,sin_comodato_31_1_22,Volcán Llaima,Samsung A8/T295,19927
22,Escuela Volcán Llaima,207,2021-08-24,13960,2021-07-02,Tablet,No existe comodato,GALAXY TAB A8 2019 LTE/ T295 SILVER,31,1,23,sin_comodato_31_1_23,Volcán Llaima,Samsung A8/T295,19927
23,Escuela Volcán Llaima,207,2021-08-24,13960,2021-07-02,Tablet,No existe comodato,GALAXY TAB A8 2019 LTE/ T295 SILVER,31,1,24,sin_comodato_31_1_24,Volcán Llaima,Samsung A8/T295,19927
24,Escuela Volcán Llaima,207,2021-08-24,13960,2021-07-02,Tablet,No existe comodato,GALAXY TAB A8 2019 LTE/ T295 SILVER,31,1,25,sin_comodato_31_1_25,Volcán Llaima,Samsung A8/T295,19927
25,Escuela Volcán Llaima,207,2021-08-24,13960,2021-07-02,Tablet,No existe comodato,GALAXY TAB A8 2019 LTE/ T295 SILVER,31,1,26,sin_comodato_31_1_26,Volcán Llaima,Samsung A8/T295,19927
26,Escuela Volcán Llaima,207,2021-08-24,13960,2021-07-02,Tablet,No existe comodato,GALAXY TAB A8 2019 LTE/ T295 SILVER,32,2,2,sin_comodato_32_2_2,Volcán Llaima,Samsung A8/T295,19927
27,Escuela Volcán Llaima,207,2021-08-24,13960,2021-07-02,Tablet,No existe comodato,GALAXY TAB A8 2019 LTE/ T295 SILVER,32,2,3,sin_comodato_32_2_3,Volcán Llaima,Samsung A8/T295,19927
28,Escuela Volcán Llaima,207,2021-08-24,13960,2021-07-02,Tablet,No existe comodato,GALAXY TAB A8 2019 LTE/ T295 SILVER,32,2,4,sin_comodato_32_2_4,Volcán Llaima,Samsung A8/T295,19927
29,Escuela Volcán Llaima,207,2021-08-24,13960,2021-07-02,Tablet,No existe comodato,GALAXY TAB A8 2019 LTE/ T295 SILVER,32,2,5,sin_comodato_32_2_5,Volcán Llaima,Samsung A8/T295,19927
30,Escuela Volcán Llaima,207,2021-08-24,13960,2021-07-02,Tablet,No existe comodato,GALAXY TAB A8 2019 LTE/ T295 SILVER,32,2,6,sin_comodato_32_2_6,Volcán Llaima,Samsung A8/T295,19927
31,Escuela Volcán Llaima,207,2021-08-24,13960,2021-07-02,Tablet,No existe comodato,GALAXY TAB A8 2019 LTE/ T295 SILVER,32,2,7,sin_comodato_32_2_7,Volcán Llaima,Samsung A8/T295,19927
32,Escuela Volcán Llaima,207,2021-08-24,13960,2021-07-02,Tablet,No existe comodato,GALAXY TAB A8 2019 LTE/ T295 SILVER,32,2,8,sin_comodato_32_2_8,Volcán Llaima,Samsung A8/T295,19927
33,Escuela Volcán Llaima,207,2021-08-24,13960,2021-07-02,Tablet,No existe comodato,GALAXY TAB A8 2019 LTE/ T295 SILVER,32,2,9,sin_comodato_32_2_9,Volcán Llaima,Samsung A8/T295,19927
34,Escuela Volcán Llaima,207,2021-08-24,13960,2021-07-02,Tablet,No existe comodato,GALAXY TAB A8 2019 LTE/ T295 SILVER,32,2,10,sin_comodato_32_2_10,Volcán Llaima,Samsung A8/T295,19927
35,Escuela Volcán Llaima,207,2021-08-24,13960,2021-07-02,Tablet,No existe comodato,GALAXY TAB A8 2019 LTE/ T295 SILVER,32,2,11,sin_comodato_32_2_11,Volcán Llaima,Samsung A8/T295,19927
36,Escuela Volcán Llaima,207,2021-08-24,13960,2021-07-02,Tablet,No existe comodato,GALAXY TAB A8 2019 LTE/ T295 SILVER,32,2,12,sin_comodato_32_2_12,Volcán Llaima,Samsung A8/T295,19927
37,Escuela Volcán Llaima,207,2021-08-24,13960,2021-07-02,Tablet,No existe comodato,GALAXY TAB A8 2019 LTE/ T295 SILVER,32,2,13,sin_comodato_32_2_13,Volcán Llaima,Samsung A8/T295,19927
38,Escuela Volcán Llaima,207,2021-08-24,13960,2021-07-02,Tablet,No existe comodato,GALAXY TAB A8 2019 LTE/ T295 SILVER,32,2,14,sin_comodato_32_2_14,Volcán Llaima,Samsung A8/T295,19927
39,Escuela Volcán Llaima,207,2021-08-24,13960,2021-07-02,Tablet,No existe comodato,GALAXY TAB A8 2019 LTE/ T295 SILVER,32,2,15,sin_comodato_32_2_15,Volcán Llaima,Samsung A8/T295,19927
40,Escuela Volcán Llaima,207,2021-08-24,13960,2021-07-02,Tablet,No existe comodato,GALAXY TAB A8 2019 LTE/ T295 SILVER,32,2,16,sin_comodato_32_2_16,Volcán Llaima,Samsung A8/T295,19927
41,Escuela Volcán Llaima,207,2021-08-24,13960,2021-07-02,Tablet,No existe comodato,GALAXY TAB A8 2019 LTE/ T295 SILVER,32,2,17,sin_comodato_32_2_17,Volcán Llaima,Samsung A8/T295,19927
42,Escuela Volcán Llaima,207,2021-08-24,13960,2021-07-02,Tablet,No existe comodato,GALAXY TAB A8 2019 LTE/ T295 SILVER,32,2,18,sin_comodato_32_2_18,Volcán Llaima,Samsung A8/T295,19927
43,Escuela Volcán Llaima,207,2021-08-24,13960,2021-07-02,Tablet,No existe comodato,GALAXY TAB A8 2019 LTE/ T295 SILVER,32,2,19,sin_comodato_32_2_19,Volcán Llaima,Samsung A8/T295,19927
44,Escuela Volcán Llaima,207,2021-08-24,13960,2021-07-02,Tablet,No existe comodato,GALAXY TAB A8 2019 LTE/ T295 SILVER,32,2,20,sin_comodato_32_2_20,Volcán Llaima,Samsung A8/T295,19927
45,Escuela Volcán Llaima,207,2021-08-24,13960,2021-07-02,Tablet,No existe comodato,GALAXY TAB A8 2019 LTE/ T295 SILVER,32,2,21,sin_comodato_32_2_21,Volcán Llaima,Samsung A8/T295,19927
46,Escuela Volcán Llaima,207,2021-08-24,13960,2021-07-02,Tablet,No existe comodato,GALAXY TAB A8 2019 LTE/ T295 SILVER,32,2,22,sin_comodato_32_2_22,Volcán Llaima,Samsung A8/T295,19927
47,Escuela Volcán Llaima,229,2021-09-09,13985,2021-07-23,Tablet,No existe comodato,LENOVO TAB P11 11” 6GB RAM 128 GB WIFI LTE TECLADO Y LAPIZ,32,2,23,sin_comodato_32_2_23,Volcán Llaima,Lenovo P11 + teclado/lápiz,19927
48,Escuela Volcán Llaima,229,2021-09-09,13985,2021-07-23,Tablet,No existe comodato,LENOVO TAB P11 11” 6GB RAM 128 GB WIFI LTE TECLADO Y LAPIZ,32,2,24,sin_comodato_32_2_24,Volcán Llaima,Lenovo P11 + teclado/lápiz,19927
49,Escuela Volcán Llaima,229,2021-09-09,13985,2021-07-23,Tablet,No existe comodato,LENOVO TAB P11 11” 6GB RAM 128 GB WIFI LTE TECLADO Y LAPIZ,32,2,25,sin_comodato_32_2_25,Volcán Llaima,Lenovo P11 + teclado/lápiz,19927
50,Escuela Volcán Llaima,229,2021-09-09,13985,2021-07-23,Tablet,No existe comodato,LENOVO TAB P11 11” 6GB RAM 128 GB WIFI LTE TECLADO Y LAPIZ,32,2,26,sin_comodato_32_2_26,Volcán Llaima,Lenovo P11 + teclado/lápiz,19927
51,Escuela Volcán Llaima,229,2021-09-09,13985,2021-07-23,Tablet,No existe comodato,LENOVO TAB P11 11” 6GB RAM 128 GB WIFI LTE TECLADO Y LAPIZ,32,2,27,sin_comodato_32_2_27,Volcán Llaima,Lenovo P11 + teclado/lápiz,19927
52,Escuela Volcán Llaima,229,2021-09-09,13985,2021-07-23,Tablet,No existe comodato,LENOVO TAB P11 11” 6GB RAM 128 GB WIFI LTE TECLADO Y LAPIZ,32,2,28,sin_comodato_32_2_28,Volcán Llaima,Lenovo P11 + teclado/lápiz,19927
53,Escuela Volcán Llaima,229,2021-09-09,13985,2021-07-23,Tablet,No existe comodato,LENOVO TAB P11 11” 6GB RAM 128 GB WIFI LTE TECLADO Y LAPIZ,32,2,29,sin_comodato_32_2_29,Volcán Llaima,Lenovo P11 + teclado/lápiz,19927
54,Escuela Volcán Llaima,229,2021-09-09,13985,2021-07-23,Tablet,No existe comodato,LENOVO TAB P11 11” 6GB RAM 128 GB WIFI LTE TECLADO Y LAPIZ,33,3,2,sin_comodato_33_3_2,Volcán Llaima,Lenovo P11 + teclado/lápiz,19927
55,Escuela Volcán Llaima,229,2021-09-09,13985,2021-07-23,Tablet,No existe comodato,LENOVO TAB P11 11” 6GB RAM 128 GB WIFI LTE TECLADO Y LAPIZ,33,3,3,sin_comodato_33_3_3,Volcán Llaima,Lenovo P11 + teclado/lápiz,19927
56,Escuela Volcán Llaima,229,2021-09-09,13985,2021-07-23,Tablet,No existe comodato,LENOVO TAB P11 11” 6GB RAM 128 GB WIFI LTE TECLADO Y LAPIZ,33,3,4,sin_comodato_33_3_4,Volcán Llaima,Lenovo P11 + teclado/lápiz,19927
57,Escuela Volcán Llaima,229,2021-09-09,13985,2021-07-23,Tablet,No existe comodato,LENOVO TAB P11 11” 6GB RAM 128 GB WIFI LTE TECLADO Y LAPIZ,33,3,5,sin_comodato_33_3_5,Volcán Llaima,Lenovo P11 + teclado/lápiz,19927
58,Escuela Volcán Llaima,229,2021-09-09,13985,2021-07-23,Tablet,No existe comodato,LENOVO TAB P11 11” 6GB RAM 128 GB WIFI LTE TECLADO Y LAPIZ,33,3,6,sin_comodato_33_3_6,Volcán Llaima,Lenovo P11 + teclado/lápiz,19927
59,Escuela Volcán Llaima,229,2021-09-09,13985,2021-07-23,Tablet,No existe comodato,LENOVO TAB P11 11” 6GB RAM 128 GB WIFI LTE TECLADO Y LAPIZ,33,3,7,sin_comodato_33_3_7,Volcán Llaima,Lenovo P11 + teclado/lápiz,19927
60,Escuela Volcán Llaima,229,2021-09-09,13985,2021-07-23,Tablet,No existe comodato,LENOVO TAB P11 11” 6GB RAM 128 GB WIFI LTE TECLADO Y LAPIZ,33,3,8,sin_comodato_33_3_8,Volcán Llaima,Lenovo P11 + teclado/lápiz,19927
61,Escuela Volcán Llaima,229,2021-09-09,13985,2021-07-23,Tablet,No existe comodato,LENOVO TAB P11 11” 6GB RAM 128 GB WIFI LTE TECLADO Y LAPIZ,33,3,9,sin_comodato_33_3_9,Volcán Llaima,Lenovo P11 + teclado/lápiz,19927
62,Escuela Volcán Llaima,229,2021-09-09,13985,2021-07-23,Tablet,No existe comodato,LENOVO TAB P11 11” 6GB RAM 128 GB WIFI LTE TECLADO Y LAPIZ,33,3,10,sin_comodato_33_3_10,Volcán Llaima,Lenovo P11 + teclado/lápiz,19927
63,Escuela Volcán Llaima,229,2021-09-09,13985,2021-07-23,Tablet,No existe comodato,LENOVO TAB P11 11” 6GB RAM 128 GB WIFI LTE TECLADO Y LAPIZ,33,3,11,sin_comodato_33_3_11,Volcán Llaima,Lenovo P11 + teclado/lápiz,19927
64,Escuela Volcán Llaima,229,2021-09-09,13985,2021-07-23,Tablet,No existe comodato,LENOVO TAB P11 11” 6GB RAM 128 GB WIFI LTE TECLADO Y LAPIZ,33,3,12,sin_comodato_33_3_12,Volcán Llaima,Lenovo P11 + teclado/lápiz,19927
65,Escuela Volcán Llaima,229,2021-09-09,13985,2021-07-23,Tablet,No existe comodato,LENOVO TAB P11 11” 6GB RAM 128 GB WIFI LTE TECLADO Y LAPIZ,33,3,13,sin_comodato_33_3_13,Volcán Llaima,Lenovo P11 + teclado/lápiz,19927
66,Escuela Volcán Llaima,229,2021-09-09,13985,2021-07-23,Tablet,No existe comodato,LENOVO TAB P11 11” 6GB RAM 128 GB WIFI LTE TECLADO Y LAPIZ,33,3,14,sin_comodato_33_3_14,Volcán Llaima,Lenovo P11 + teclado/lápiz,19927
67,Escuela Volcán Llaima,229,2021-09-09,13985,2021-07-23,Tablet,No existe comodato,LENOVO TAB P11 11” 6GB RAM 128 GB WIFI LTE TECLADO Y LAPIZ,33,3,15,sin_comodato_33_3_15,Volcán Llaima,Lenovo P11 + teclado/lápiz,19927
68,Escuela Volcán Llaima,229,2021-09-09,13985,2021-07-23,Tablet,No existe comodato,LENOVO TAB P11 11” 6GB RAM 128 GB WIFI LTE TECLADO Y LAPIZ,33,3,16,sin_comodato_33_3_16,Volcán Llaima,Lenovo P11 + teclado/lápiz,19927
69,Escuela Volcán Llaima,229,2021-09-09,13985,2021-07-23,Tablet,No existe comodato,LENOVO TAB P11 11” 6GB RAM 128 GB WIFI LTE TECLADO Y LAPIZ,33,3,17,sin_comodato_33_3_17,Volcán Llaima,Lenovo P11 + teclado/lápiz,19927
70,Escuela Volcán Llaima,229,2021-09-09,13985,2021-07-23,Tablet,No existe comodato,LENOVO TAB P11 11” 6GB RAM 128 GB WIFI LTE TECLADO Y LAPIZ,33,3,18,sin_comodato_33_3_18,Volcán Llaima,Lenovo P11 + teclado/lápiz,19927
71,Escuela Volcán Llaima,229,2021-09-09,13985,2021-07-23,Tablet,No existe comodato,LENOVO TAB P11 11” 6GB RAM 128 GB WIFI LTE TECLADO Y LAPIZ,33,3,19,sin_comodato_33_3_19,Volcán Llaima,Lenovo P11 + teclado/lápiz,19927
72,Escuela Volcán Llaima,229,2021-09-09,13985,2021-07-23,Tablet,No existe comodato,LENOVO TAB P11 11” 6GB RAM 128 GB WIFI LTE TECLADO Y LAPIZ,33,3,20,sin_comodato_33_3_20,Volcán Llaima,Lenovo P11 + teclado/lápiz,19927
73,Escuela Volcán Llaima,229,2021-09-09,13985,2021-07-23,Tablet,No existe comodato,LENOVO TAB P11 11” 6GB RAM 128 GB WIFI LTE TECLADO Y LAPIZ,33,3,21,sin_comodato_33_3_21,Volcán Llaima,Lenovo P11 + teclado/lápiz,19927
74,Escuela Volcán Llaima,229,2021-09-09,13985,2021-07-23,Tablet,No existe comodato,LENOVO TAB P11 11” 6GB RAM 128 GB WIFI LTE TECLADO Y LAPIZ,33,3,22,sin_comodato_33_3_22,Volcán Llaima,Lenovo P11 + teclado/lápiz,19927
75,Escuela Volcán Llaima,229,2021-09-09,13985,2021-07-23,Tablet,No existe comodato,LENOVO TAB P11 11” 6GB RAM 128 GB WIFI LTE TECLADO Y LAPIZ,33,3,23,sin_comodato_33_3_23,Volcán Llaima,Lenovo P11 + teclado/lápiz,19927
76,Escuela Volcán Llaima,229,2021-09-09,13985,2021-07-23,Tablet,No existe comodato,LENOVO TAB P11 11” 6GB RAM 128 GB WIFI LTE TECLADO Y LAPIZ,33,3,24,sin_comodato_33_3_24,Volcán Llaima,Lenovo P11 + teclado/lápiz,19927
77,Escuela Volcán Llaima,229,2021-09-09,13985,2021-07-23,Tablet,No existe comodato,LENOVO TAB P11 11” 6GB RAM 128 GB WIFI LTE TECLADO Y LAPIZ,33,3,25,sin_comodato_33_3_25,Volcán Llaima,Lenovo P11 + teclado/lápiz,19927
78,Liceo Los Andes,143,2021-06-03,427,2021-05-04,Tablet,No existe comodato,GALAXY TABLET A 8 2019 LTE,33,3,26,sin_comodato_33_3_26,Los Andes,Samsung A8/T295,6007
79,Liceo Los Andes,143,2021-06-03,427,2021-05-04,Tablet,No existe comodato,GALAXY TABLET A 8 2019 LTE,33,3,27,sin_comodato_33_3_27,Los Andes,Samsung A8/T295,6007
80,Liceo Los Andes,143,2021-06-03,427,2021-05-04,Tablet,No existe comodato,GALAXY TABLET A 8 2019 LTE,33,3,28,sin_comodato_33_3_28,Los Andes,Samsung A8/T295,6007
81,Liceo Los Andes,143,2021-06-03,427,2021-05-04,Tablet,No existe comodato,GALAXY TABLET A 8 2019 LTE,33,3,29,sin_comodato_33_3_29,Los Andes,Samsung A8/T295,6007
82,Liceo Los Andes,143,2021-06-03,427,2021-05-04,Tablet,No existe comodato,GALAXY TABLET A 8 2019 LTE,34,4,2,sin_comodato_34_4_2,Los Andes,Samsung A8/T295,6007
83,Liceo Los Andes,143,2021-06-03,427,2021-05-04,Tablet,No existe comodato,GALAXY TABLET A 8 2019 LTE,34,4,3,sin_comodato_34_4_3,Los Andes,Samsung A8/T295,6007
84,Liceo Los Andes,143,2021-06-03,427,2021-05-04,Tablet,No existe comodato,GALAXY TABLET A 8 2019 LTE,34,4,4,sin_comodato_34_4_4,Los Andes,Samsung A8/T295,6007
85,Liceo Los Andes,143,2021-06-03,427,2021-05-04,Tablet,No existe comodato,GALAXY TABLET A 8 2019 LTE,34,4,5,sin_comodato_34_4_5,Los Andes,Samsung A8/T295,6007
86,Liceo Los Andes,230,2021-09-09,13995,2021-07-28,Tablet,No existe comodato,LENOVO TAB P11 11” 6GB RAM 128 GB WIFI LTE TECLADO Y LAPIZ,34,4,6,sin_comodato_34_4_6,Los Andes,Lenovo P11 + teclado/lápiz,6007
87,Liceo Los Andes,230,2021-09-09,13995,2021-07-28,Tablet,No existe comodato,LENOVO TAB P11 11” 6GB RAM 128 GB WIFI LTE TECLADO Y LAPIZ,34,4,7,sin_comodato_34_4_7,Los Andes,Lenovo P11 + teclado/lápiz,6007
88,Liceo Los Andes,230,2021-09-09,13995,2021-07-28,Tablet,No existe comodato,LENOVO TAB P11 11” 6GB RAM 128 GB WIFI LTE TECLADO Y LAPIZ,34,4,8,sin_comodato_34_4_8,Los Andes,Lenovo P11 + teclado/lápiz,6007
89,Liceo Los Andes,230,2021-09-09,13995,2021-07-28,Tablet,No existe comodato,LENOVO TAB P11 11” 6GB RAM 128 GB WIFI LTE TECLADO Y LAPIZ,34,4,9,sin_comodato_34_4_9,Los Andes,Lenovo P11 + teclado/lápiz,6007
90,Liceo Los Andes,230,2021-09-09,13995,2021-07-28,Tablet,No existe comodato,LENOVO TAB P11 11” 6GB RAM 128 GB WIFI LTE TECLADO Y LAPIZ,34,4,10,sin_comodato_34_4_10,Los Andes,Lenovo P11 + teclado/lápiz,6007
91,Liceo Los Andes,230,2021-09-09,13995,2021-07-28,Tablet,No existe comodato,LENOVO TAB P11 11” 6GB RAM 128 GB WIFI LTE TECLADO Y LAPIZ,34,4,11,sin_comodato_34_4_11,Los Andes,Lenovo P11 + teclado/lápiz,6007
92,Liceo Los Andes,230,2021-09-09,13995,2021-07-28,Tablet,No existe comodato,LENOVO TAB P11 11” 6GB RAM 128 GB WIFI LTE TECLADO Y LAPIZ,34,4,12,sin_comodato_34_4_12,Los Andes,Lenovo P11 + teclado/lápiz,6007
93,Cumcumllaque,401,2020-12-30,7907,2020-04-06,Tablet,No existe comodato,MLAB TABLET QUAD CORE,34,4,13,sin_comodato_34_4_13,Cumcumllaque,Mlab 7,6012
94,Cumcumllaque,401,2020-12-30,7907,2020-04-06,Tablet,No existe comodato,MLAB TABLET QUAD CORE,34,4,14,sin_comodato_34_4_14,Cumcumllaque,Mlab 7,6012
95,Cumcumllaque,401,2020-12-30,7907,2020-04-06,Tablet,No existe comodato,MLAB TABLET QUAD CORE,34,4,15,sin_comodato_34_4_15,Cumcumllaque,Mlab 7,6012
96,Cumcumllaque,401,2020-12-30,7907,2020-04-06,Tablet,No existe comodato,MLAB TABLET QUAD CORE,34,4,16,sin_comodato_34_4_16,Cumcumllaque,Mlab 7,6012
97,Cumcumllaque,401,2020-12-30,7907,2020-04-06,Tablet,No existe comodato,MLAB TABLET QUAD CORE,34,4,17,sin_comodato_34_4_17,Cumcumllaque,Mlab 7,6012
98,Cumcumllaque,401,2020-12-30,7907,2020-04-06,Tablet,No existe comodato,MLAB TABLET QUAD CORE,34,4,18,sin_comodato_34_4_18,Cumcumllaque,Mlab 7,6012
99,Cumcumllaque,401,2020-12-30,7907,2020-04-06,Tablet,No existe comodato,MLAB TABLET QUAD CORE,34,4,19,sin_comodato_34_4_19,Cumcumllaque,Mlab 7,6012
100,Cumcumllaque,401,2020-12-30,7907,2020-04-06,Tablet,No existe comodato,MLAB TABLET QUAD CORE,34,4,20,sin_comodato_34_4_20,Cumcumllaque,Mlab 7,6012
101,Cumcumllaque,401,2020-12-30,7907,2020-04-06,Tablet,No existe comodato,MLAB TABLET QUAD CORE,34,4,21,sin_comodato_34_4_21,Cumcumllaque,Mlab 7,6012
102,Cumcumllaque,401,2020-12-30,7907,2020-04-06,Tablet,No existe comodato,MLAB TABLET QUAD CORE,34,4,22,sin_comodato_34_4_22,Cumcumllaque,Mlab 7,6012
103,Cumcumllaque,401,2020-12-30,7907,2020-04-06,Tablet,No existe comodato,MLAB TABLET QUAD CORE,34,4,23,sin_comodato_34_4_23,Cumcumllaque,Mlab 7,6012
104,Cumcumllaque,401,2020-12-30,7907,2020-04-06,Tablet,No existe comodato,MLAB TABLET QUAD CORE,34,4,24,sin_comodato_34_4_24,Cumcumllaque,Mlab 7,6012
105,Cumcumllaque,401,2020-12-30,7907,2020-04-06,Tablet,No existe comodato,MLAB TABLET QUAD CORE,34,4,25,sin_comodato_34_4_25,Cumcumllaque,Mlab 7,6012
106,Cumcumllaque,401,2020-12-30,7907,2020-04-06,Tablet,No existe comodato,MLAB TABLET QUAD CORE,34,4,26,sin_comodato_34_4_26,Cumcumllaque,Mlab 7,6012
107,Cumcumllaque,401,2020-12-30,7907,2020-04-06,Tablet,No existe comodato,MLAB TABLET QUAD CORE,34,4,27,sin_comodato_34_4_27,Cumcumllaque,Mlab 7,6012
108,Cumcumllaque,401,2020-12-30,7907,2020-04-06,Tablet,No existe comodato,MLAB TABLET QUAD CORE,34,4,28,sin_comodato_34_4_28,Cumcumllaque,Mlab 7,6012
109,Cumcumllaque,401,2020-12-30,7907,2020-04-06,Tablet,No existe comodato,MLAB TABLET QUAD CORE,34,4,29,sin_comodato_34_4_29,Cumcumllaque,Mlab 7,6012
110,Cumcumllaque,401,2020-12-30,7907,2020-04-06,Tablet,No existe comodato,MLAB TABLET QUAD CORE,35,5,2,sin_comodato_35_5_2,Cumcumllaque,Mlab 7,6012
111,Cumcumllaque,401,2020-12-30,7907,2020-04-06,Tablet,No existe comodato,MLAB TABLET QUAD CORE,35,5,3,sin_comodato_35_5_3,Cumcumllaque,Mlab 7,6012
112,Cumcumllaque,401,2020-12-30,7907,2020-04-06,Tablet,No existe comodato,MLAB TABLET QUAD CORE,35,5,4,sin_comodato_35_5_4,Cumcumllaque,Mlab 7,6012
113,Cumcumllaque,401,2020-12-30,7907,2020-04-06,Tablet,No existe comodato,MLAB TABLET QUAD CORE,35,5,5,sin_comodato_35_5_5,Cumcumllaque,Mlab 7,6012
114,Cumcumllaque,401,2020-12-30,7907,2020-04-06,Tablet,No existe comodato,MLAB TABLET QUAD CORE,35,5,6,sin_comodato_35_5_6,Cumcumllaque,Mlab 7,6012
115,Molulco,120,2021-05-18,200597,2021-04-22,Tablet,No existe comodato,TABLET SAMSUNG GALAXY T505 TAB A7 10.4” 32 GB LTE,35,5,7,sin_comodato_35_5_7,Molulco,Samsung A7,6009
116,Fundo Molulco,382,2020-12-24,9615,2020-12-10,Tablet,No existe comodato,TABLET LENOVO TAB M8 2GB WIFI 8 ZA5H0070CL,35,5,8,sin_comodato_35_5_8,Fundo Molulco,Lenovo M8,6011
117,Fundo Molulco,382,2020-12-24,9615,2020-12-10,Tablet,No existe comodato,TABLET LENOVO TAB M8 2GB WIFI 8 ZA5H0070CL,35,5,9,sin_comodato_35_5_9,Fundo Molulco,Lenovo M8,6011
118,Fundo Molulco,382,2020-12-24,9615,2020-12-10,Tablet,No existe comodato,TABLET LENOVO TAB M8 2GB WIFI 8 ZA5H0070CL,35,5,10,sin_comodato_35_5_10,Fundo Molulco,Lenovo M8,6011
119,Fundo Molulco,382,2020-12-24,9615,2020-12-10,Tablet,No existe comodato,TABLET LENOVO TAB M8 2GB WIFI 8 ZA5H0070CL,35,5,11,sin_comodato_35_5_11,Fundo Molulco,Lenovo M8,6011
120,Carén,397,2020-12-30,7908,2020-04-06,Tablet,No existe comodato,MLAB TABLET QUAD CORE UNIDAD,35,5,12,sin_comodato_35_5_12,Carén,Mlab 7,6017
121,Carén,397,2020-12-30,7908,2020-04-06,Tablet,No existe comodato,MLAB TABLET QUAD CORE UNIDAD,35,5,13,sin_comodato_35_5_13,Carén,Mlab 7,6017
122,Carén,397,2020-12-30,7908,2020-04-06,Tablet,No existe comodato,MLAB TABLET QUAD CORE UNIDAD,35,5,14,sin_comodato_35_5_14,Carén,Mlab 7,6017
123,Carén,397,2020-12-30,7908,2020-04-06,Tablet,No existe comodato,MLAB TABLET QUAD CORE UNIDAD,35,5,15,sin_comodato_35_5_15,Carén,Mlab 7,6017
124,Carén,397,2020-12-30,7908,2020-04-06,Tablet,No existe comodato,MLAB TABLET QUAD CORE UNIDAD,35,5,16,sin_comodato_35_5_16,Carén,Mlab 7,6017
125,Carén,397,2020-12-30,7908,2020-04-06,Tablet,No existe comodato,MLAB TABLET QUAD CORE UNIDAD,35,5,17,sin_comodato_35_5_17,Carén,Mlab 7,6017
126,Carén,397,2020-12-30,7908,2020-04-06,Tablet,No existe comodato,MLAB TABLET QUAD CORE UNIDAD,35,5,18,sin_comodato_35_5_18,Carén,Mlab 7,6017
127,Diferentes Establecimientos,263,2021-10-06,13981,2021-07-22,Tablet,No existe comodato,GALAXY TAB A8 2019 LTE,35,5,19,sin_comodato_35_5_19,Sin distribución por escuela,Samsung A8/T295,
128,Diferentes Establecimientos,263,2021-10-06,13981,2021-07-22,Tablet,No existe comodato,GALAXY TAB A8 2019 LTE,35,5,20,sin_comodato_35_5_20,Sin distribución por escuela,Samsung A8/T295,
129,Diferentes Establecimientos,263,2021-10-06,13981,2021-07-22,Tablet,No existe comodato,GALAXY TAB A8 2019 LTE,35,5,21,sin_comodato_35_5_21,Sin distribución por escuela,Samsung A8/T295,
130,Diferentes Establecimientos,263,2021-10-06,13981,2021-07-22,Tablet,No existe comodato,GALAXY TAB A8 2019 LTE,35,5,22,sin_comodato_35_5_22,Sin distribución por escuela,Samsung A8/T295,
131,Diferentes Establecimientos,263,2021-10-06,13981,2021-07-22,Tablet,No existe comodato,GALAXY TAB A8 2019 LTE,35,5,23,sin_comodato_35_5_23,Sin distribución por escuela,Samsung A8/T295,
132,Diferentes Establecimientos,263,2021-10-06,13981,2021-07-22,Tablet,No existe comodato,GALAXY TAB A8 2019 LTE,35,5,24,sin_comodato_35_5_24,Sin distribución por escuela,Samsung A8/T295,
133,Diferentes Establecimientos,263,2021-10-06,13981,2021-07-22,Tablet,No existe comodato,GALAXY TAB A8 2019 LTE,35,5,25,sin_comodato_35_5_25,Sin distribución por escuela,Samsung A8/T295,
134,Diferentes Establecimientos,263,2021-10-06,13981,2021-07-22,Tablet,No existe comodato,GALAXY TAB A8 2019 LTE,35,5,26,sin_comodato_35_5_26,Sin distribución por escuela,Samsung A8/T295,
135,Diferentes Establecimientos,263,2021-10-06,13981,2021-07-22,Tablet,No existe comodato,GALAXY TAB A8 2019 LTE,35,5,27,sin_comodato_35_5_27,Sin distribución por escuela,Samsung A8/T295,
136,Diferentes Establecimientos,263,2021-10-06,13981,2021-07-22,Tablet,No existe comodato,GALAXY TAB A8 2019 LTE,35,5,28,sin_comodato_35_5_28,Sin distribución por escuela,Samsung A8/T295,
137,Diferentes Establecimientos,263,2021-10-06,13981,2021-07-22,Tablet,No existe comodato,GALAXY TAB A8 2019 LTE,35,5,29,sin_comodato_35_5_29,Sin distribución por escuela,Samsung A8/T295,
138,Diferentes Establecimientos,263,2021-10-06,13981,2021-07-22,Tablet,No existe comodato,GALAXY TAB A8 2019 LTE,36,6,2,sin_comodato_36_6_2,Sin distribución por escuela,Samsung A8/T295,
139,Diferentes Establecimientos,263,2021-10-06,13981,2021-07-22,Tablet,No existe comodato,GALAXY TAB A8 2019 LTE,36,6,3,sin_comodato_36_6_3,Sin distribución por escuela,Samsung A8/T295,
140,Diferentes Establecimientos,263,2021-10-06,13981,2021-07-22,Tablet,No existe comodato,GALAXY TAB A8 2019 LTE,36,6,4,sin_comodato_36_6_4,Sin distribución por escuela,Samsung A8/T295,
141,Diferentes Establecimientos,263,2021-10-06,13981,2021-07-22,Tablet,No existe comodato,GALAXY TAB A8 2019 LTE,36,6,5,sin_comodato_36_6_5,Sin distribución por escuela,Samsung A8/T295,
142,Diferentes Establecimientos,263,2021-10-06,13981,2021-07-22,Tablet,No existe comodato,GALAXY TAB A8 2019 LTE,36,6,6,sin_comodato_36_6_6,Sin distribución por escuela,Samsung A8/T295,
143,Diferentes Establecimientos,263,2021-10-06,13981,2021-07-22,Tablet,No existe comodato,GALAXY TAB A8 2019 LTE,36,6,7,sin_comodato_36_6_7,Sin distribución por escuela,Samsung A8/T295,
144,Diferentes Establecimientos,263,2021-10-06,13981,2021-07-22,Tablet,No existe comodato,GALAXY TAB A8 2019 LTE,36,6,8,sin_comodato_36_6_8,Sin distribución por escuela,Samsung A8/T295,
