factura,serie,familia,valor_clp,pagina_pdf
1220.0,8JUBB20302214379,Huawei T3,82367,39
1220.0,8JUBB20302214368,Huawei T3,82367,39
1220.0,8JUBB20302214397,Huawei T3,82367,39
1220.0,8JUBB20302214167,Huawei T3,82367,39
1220.0,8JUBB20302214202,Huawei T3,82367,39
1220.0,8JUBB20302214156,Huawei T3,82367,39
1220.0,8JUBB20302214152,Huawei T3,82367,39
1220.0,8JUBB20302214147,Huawei T3,82367,39
1220.0,8JUBB20302214132,Huawei T3,82367,39
1221.0,8JUBB20302213838,Huawei T3,82367,39
1221.0,8JUBB20302212205,Huawei T3,82367,39
1221.0,8JUBB20302212197,Huawei T3,82367,39
1221.0,8JUBB20302212195,Huawei T3,82367,39
1221.0,8JUBB20302212192,Huawei T3,82367,39
1221.0,8JUBB20302212182,Huawei T3,82367,39
1221.0,8JUBB20302212181,Huawei T3,82367,39
1221.0,QQ15B92W09,Huawei T3,82367,39
2.0,355041990295979,Samsung A8/T295,130900,41
2.0,355041990293891,Samsung A8/T295,130900,41
2.0,355041992257936,Samsung A8/T295,130900,41
2.0,355041992257621,Samsung A8/T295,130900,41
2.0,355041992254750,Samsung A8/T295,130900,41
2.0,355041992248364,Samsung A8/T295,130900,41
2.0,359041992249610,Samsung A8/T295,130900,41
2.0,355041992250782,Samsung A8/T295,130900,41
2.0,358893199669868,Samsung A8/T295,130900,41
2.0,355041990295268,Samsung A8/T295,130900,41
2.0,355041992254966,Samsung A8/T295,130900,41
2.0,355041992250931,Samsung A8/T295,130900,41
2.0,355041990288198,Samsung A8/T295,130900,41
2.0,355041990294980,Samsung A8/T295,130900,42
2.0,355041992247200,Samsung A8/T295,130900,42
2.0,355041992252465,Samsung A8/T295,130900,42
2.0,355041990295110,Samsung A8/T295,130900,42
2.0,355041992259486,Samsung A8/T295,130900,42
2.0,355041990296753,Samsung A8/T295,130900,42
2.0,355041992257068,Samsung A8/T295,130900,42
2.0,355041992250063,Samsung A8/T295,130900,42
2.0,355041992254677,Samsung A8/T295,130900,42
2.0,355041992257084,Samsung A8/T295,130900,42
2.0,355041992257076,Samsung A8/T295,130900,42
2.0,355041992254982,Samsung A8/T295,130900,42
2.0,355041992246038,Samsung A8/T295,130900,42
2.0,355041992257662,Samsung A8/T295,130900,42
2.0,355041992246079,Samsung A8/T295,130900,42
13960.0,355041991226635,Samsung A8/T295,142681,42
13960.0,355041991227260,Samsung A8/T295,142681,42
13960.0,355041991227641,Samsung A8/T295,142681,42
13960.0,355041991227849,Samsung A8/T295,142681,42
13960.0,355041991228474,Samsung A8/T295,142681,42
13960.0,355041991228524,Samsung A8/T295,142681,42
13960.0,355041991228896,Samsung A8/T295,142681,42
13960.0,355041991229985,Samsung A8/T295,142681,42
13960.0,355041991230504,Samsung A8/T295,142681,42
13960.0,3588931991230590,Samsung A8/T295,142681,42
13960.0,355041991236360,Samsung A8/T295,142681,42
13960.0,355041991238705,Samsung A8/T295,142681,43
13960.0,355041991239596,Samsung A8/T295,142681,43
13960.0,358893199779949,Samsung A8/T295,142681,43
13960.0,358893199781036,Samsung A8/T295,142681,43
13960.0,358893199782422,Samsung A8/T295,142681,43
13960.0,358893199785334,Samsung A8/T295,142681,43
13960.0,358893199786530,Samsung A8/T295,142681,43
13960.0,358893199786860,Samsung A8/T295,142681,43
13960.0,358893199787140,Samsung A8/T295,142681,43
13960.0,355041991226023,Samsung A8/T295,142681,43
13960.0,355041991238291,Samsung A8/T295,142681,43
13960.0,355041991237467,Samsung A8/T295,142681,43
13960.0,358893199781994,Samsung A8/T295,142681,43
13960.0,358893199779071,Samsung A8/T295,142681,43
13960.0,355041990304151,Samsung A8/T295,142681,43
13960.0,358893199802014,Samsung A8/T295,142681,43
13960.0,358893199802428,Samsung A8/T295,142681,43
13960.0,358893199800760,Samsung A8/T295,142681,43
13960.0,358893199810520,Samsung A8/T295,142681,43
13960.0,358893199816618,Samsung A8/T295,142681,43
13960.0,358893199808615,Samsung A8/T295,142681,43
13960.0,358893199808342,Samsung A8/T295,142681,43
13960.0,358893199810488,Samsung A8/T295,142681,43
13960.0,358893199808151,Samsung A8/T295,142681,43
13960.0,358893199811908,Samsung A8/T295,142681,43
13960.0,358893199812138,Samsung A8/T295,142681,43
13960.0,355041991226262,Samsung A8/T295,142681,44
13960.0,355041991234647,Samsung A8/T295,142681,44
13960.0,355041991233425,Samsung A8/T295,142681,44
13960.0,355041991236286,Samsung A8/T295,142681,44
13960.0,355041991225652,Samsung A8/T295,142681,44
13960.0,355041991226254,Samsung A8/T295,142681,44
13960.0,358893199781366,Samsung A8/T295,142681,44
13960.0,358893199785938,Samsung A8/T295,142681,44
13960.0,358893199785391,Samsung A8/T295,142681,44
13960.0,358893199788262,Samsung A8/T295,142681,44
13960.0,358893199780004,Samsung A8/T295,142681,44
13960.0,358893199782083,Samsung A8/T295,142681,44
13960.0,358893199778594,Samsung A8/T295,142681,44
13960.0,358893199787769,Samsung A8/T295,142681,44
13960.0,358893199778685,Samsung A8/T295,142681,44
13960.0,358893199802154,Samsung A8/T295,142681,44
13960.0,358893199797453,Samsung A8/T295,142681,44
13960.0,358893199797669,Samsung A8/T295,142681,44
13960.0,358893199779212,Samsung A8/T295,142681,44
13960.0,358893199779980,Samsung A8/T295,142681,44
13982.0,358893199329760,Samsung A8/T295,142205,46
13982.0,358893199796828,Samsung A8/T295,142205,46
13982.0,358893199326774,Samsung A8/T295,142205,46
13982.0,358893199326824,Samsung A8/T295,142205,46
13982.0,358893199018983,Samsung A8/T295,142205,46
13982.0,358893199329737,Samsung A8/T295,142205,46
13982.0,358893199018843,Samsung A8/T295,142205,46
13982.0,358893199018322,Samsung A8/T295,142205,46
13982.0,358893199817137,Samsung A8/T295,142205,46
13982.0,358893199815131,Samsung A8/T295,142205,46
13982.0,358893199815149,Samsung A8/T295,142205,46
13982.0,358893199813359,Samsung A8/T295,142205,46
13982.0,358893199810702,Samsung A8/T295,142205,47
13982.0,358893199809449,Samsung A8/T295,142205,47
13982.0,358893199809126,Samsung A8/T295,142205,47
13982.0,358893199897057,Samsung A8/T295,142205,47
13982.0,358893199799038,Samsung A8/T295,142205,47
13982.0,358893199799046,Samsung A8/T295,142205,47
13982.0,358893199799061,Samsung A8/T295,142205,47
13982.0,358893199799103,Samsung A8/T295,142205,47
13982.0,358893199799053,Samsung A8/T295,142205,47
13982.0,358893199807104,Samsung A8/T295,142205,47
13982.0,358893199808409,Samsung A8/T295,142205,47
13982.0,358893199808516,Samsung A8/T295,142205,47
13982.0,358893199808573,Samsung A8/T295,142205,47
13982.0,358893199319126,Samsung A8/T295,142205,47
13982.0,358893199322559,Samsung A8/T295,142205,47
13982.0,358893199324571,Samsung A8/T295,142205,47
13982.0,358893199325305,Samsung A8/T295,142205,47
13982.0,358893199325560,Samsung A8/T295,142205,47
13982.0,358893199024460,Samsung A8/T295,142205,47
13982.0,358893199809381,Samsung A8/T295,142205,47
13985.0,HA1D2H7K,Lenovo P11 + teclado/lápiz,349999,47
13985.0,HA1E6L12,Lenovo P11 + teclado/lápiz,349999,47
13985.0,HA1E6J4T,Lenovo P11 + teclado/lápiz,349999,47
13985.0,HA1DKAT8,Lenovo P11 + teclado/lápiz,349999,47
13985.0,HA1DPMZC,Lenovo P11 + teclado/lápiz,349999,47
13985.0,HA1D3BXY,Lenovo P11 + teclado/lápiz,349999,47
13985.0,HA1D39Z5,Lenovo P11 + teclado/lápiz,349999,48
13985.0,HA1D39TV,Lenovo P11 + teclado/lápiz,349999,48
13985.0,HA1D37W0,Lenovo P11 + teclado/lápiz,349999,48
13985.0,HA1D37VH,Lenovo P11 + teclado/lápiz,349999,48
13985.0,HA1D360M,Lenovo P11 + teclado/lápiz,349999,48
13985.0,HA1D360J,Lenovo P11 + teclado/lápiz,349999,48
13985.0,HA1D35ZF,Lenovo P11 + teclado/lápiz,349999,48
13985.0,HA1D342Z,Lenovo P11 + teclado/lápiz,349999,48
13985.0,HA1D2W1C,Lenovo P11 + teclado/lápiz,349999,48
13985.0,HA1D2W1T,Lenovo P11 + teclado/lápiz,349999,48
13985.0,HA1D2TAS,Lenovo P11 + teclado/lápiz,349999,48
13985.0,HA1D2T5G,Lenovo P11 + teclado/lápiz,349999,48
13985.0,HA1D2RDB,Lenovo P11 + teclado/lápiz,349999,48
13985.0,HA1D2M5N,Lenovo P11 + teclado/lápiz,349999,48
13985.0,HA1D2M4L,Lenovo P11 + teclado/lápiz,349999,48
13985.0,HA1D2K93,Lenovo P11 + teclado/lápiz,349999,48
13985.0,HA1D2K8M,Lenovo P11 + teclado/lápiz,349999,48
13985.0,HA1D2HAB,Lenovo P11 + teclado/lápiz,349999,48
13985.0,HA1D2FEN,Lenovo P11 + teclado/lápiz,349999,48
13985.0,HA1D2F8P,Lenovo P11 + teclado/lápiz,349999,48
13985.0,HA1E8H2P,Lenovo P11 + teclado/lápiz,349999,48
13985.0,HA1E8H06,Lenovo P11 + teclado/lápiz,349999,48
13985.0,HA1E8F3M,Lenovo P11 + teclado/lápiz,349999,48
13985.0,HA1E8CZ6,Lenovo P11 + teclado/lápiz,349999,48
13985.0,HA1E896L,Lenovo P11 + teclado/lápiz,349999,48
13985.0,HA1E891C,Lenovo P11 + teclado/lápiz,349999,48
13985.0,HA1E876L,Lenovo P11 + teclado/lápiz,349999,49
13985.0,HA1E875Q,Lenovo P11 + teclado/lápiz,349999,49
13985.0,HA1E857Q,Lenovo P11 + teclado/lápiz,349999,49
13985.0,HA1E838A,Lenovo P11 + teclado/lápiz,349999,49
13985.0,HA1E836P,Lenovo P11 + teclado/lápiz,349999,49
13985.0,HA1E83AT,Lenovo P11 + teclado/lápiz,349999,49
13985.0,HA1E81CA,Lenovo P11 + teclado/lápiz,349999,49
13985.0,HA1E81BG,Lenovo P11 + teclado/lápiz,349999,49
13985.0,HA1E81AD,Lenovo P11 + teclado/lápiz,349999,49
13985.0,HA1E816Y,Lenovo P11 + teclado/lápiz,349999,49
13985.0,HA1E814X,Lenovo P11 + teclado/lápiz,349999,49
13985.0,HA1E7ZAP,Lenovo P11 + teclado/lápiz,349999,49
13985.0,HA1E7XBT,Lenovo P11 + teclado/lápiz,349999,49
13985.0,HA1D2F7T,Lenovo P11 + teclado/lápiz,349999,49
13985.0,HA1D1ENW,Lenovo P11 + teclado/lápiz,349999,49
13985.0,HA1D18M9,Lenovo P11 + teclado/lápiz,349999,49
13985.0,HA1D16KY,Lenovo P11 + teclado/lápiz,349999,49
13985.0,HA1EAA2C,Lenovo P11 + teclado/lápiz,349999,49
13985.0,HA1EAA1G,Lenovo P11 + teclado/lápiz,349999,49
13985.0,HA1EA9Z3,Lenovo P11 + teclado/lápiz,349999,49
13985.0,HA1EA9YX,Lenovo P11 + teclado/lápiz,349999,49
13985.0,HA1EA82Y,Lenovo P11 + teclado/lápiz,349999,49
13985.0,HA1EAB2X,Lenovo P11 + teclado/lápiz,349999,49
13985.0,HA1EA64X,Lenovo P11 + teclado/lápiz,349999,49
13985.0,HA1EA64C,Lenovo P11 + teclado/lápiz,349999,49
13985.0,HA1EA638,Lenovo P11 + teclado/lápiz,349999,49
13985.0,HA1EA62W,Lenovo P11 + teclado/lápiz,349999,50
13985.0,HA1EA60R,Lenovo P11 + teclado/lápiz,349999,50
13985.0,HA1EA416,Lenovo P11 + teclado/lápiz,349999,50
13985.0,HA1EA3XV,Lenovo P11 + teclado/lápiz,349999,50
13985.0,HA1EA3XQ,Lenovo P11 + teclado/lápiz,349999,50
13985.0,HA1EA22G,Lenovo P11 + teclado/lápiz,349999,50
13985.0,HA1EA20W,Lenovo P11 + teclado/lápiz,349999,50
13985.0,HA1EA1ZX,Lenovo P11 + teclado/lápiz,349999,50
13985.0,HA1EA02S,Lenovo P11 + teclado/lápiz,349999,50
13985.0,HA1EA007,Lenovo P11 + teclado/lápiz,349999,50
13985.0,HA1E9ZZX,Lenovo P11 + teclado/lápiz,349999,50
13985.0,HA1E9Y2S,Lenovo P11 + teclado/lápiz,349999,50
13985.0,HA1E9Y2K,Lenovo P11 + teclado/lápiz,349999,50
13985.0,HA1E9WAQ,Lenovo P11 + teclado/lápiz,349999,50
13985.0,HA1E9W35,Lenovo P11 + teclado/lápiz,349999,50
13985.0,HA1E9T3W,Lenovo P11 + teclado/lápiz,349999,50
13985.0,HA1E9R4T,Lenovo P11 + teclado/lápiz,349999,50
13985.0,HA1E9P77,Lenovo P11 + teclado/lápiz,349999,50
13985.0,HA1E9P74,Lenovo P11 + teclado/lápiz,349999,50
13985.0,HA1E9P5G,Lenovo P11 + teclado/lápiz,349999,50
13985.0,HA1E9M9Z,Lenovo P11 + teclado/lápiz,349999,50
13985.0,HA1E9M9B,Lenovo P11 + teclado/lápiz,349999,50
13985.0,HA1E9M5Y,Lenovo P11 + teclado/lápiz,349999,50
13985.0,HA1E9KBW,Lenovo P11 + teclado/lápiz,349999,50
13985.0,HA1E9K93,Lenovo P11 + teclado/lápiz,349999,50
13985.0,HA1E9HBP,Lenovo P11 + teclado/lápiz,349999,50
13985.0,HA1E9HA7,Lenovo P11 + teclado/lápiz,349999,51
13985.0,HA1E9F3L,Lenovo P11 + teclado/lápiz,349999,51
13985.0,HA1E9FEJ,Lenovo P11 + teclado/lápiz,349999,51
13985.0,HA1E9FCT,Lenovo P11 + teclado/lápiz,349999,51
13985.0,HA1E9DCZ,Lenovo P11 + teclado/lápiz,349999,51
13985.0,HA1EPDBB,Lenovo P11 + teclado/lápiz,349999,51
13985.0,HA1E99FJ,Lenovo P11 + teclado/lápiz,349999,51
13985.0,HA1E99EA,Lenovo P11 + teclado/lápiz,349999,51
13985.0,HA1E97LK,Lenovo P11 + teclado/lápiz,349999,51
13985.0,HA1E95KL,Lenovo P11 + teclado/lápiz,349999,51
13985.0,HA1E93H3,Lenovo P11 + teclado/lápiz,349999,51
13985.0,HA1E93GH,Lenovo P11 + teclado/lápiz,349999,51
13985.0,HA1E91LL,Lenovo P11 + teclado/lápiz,349999,51
13985.0,HA1E8ZLH,Lenovo P11 + teclado/lápiz,349999,51
13985.0,HA1E8ZJ4,Lenovo P11 + teclado/lápiz,349999,51
13985.0,HA1E8XKP,Lenovo P11 + teclado/lápiz,349999,51
13985.0,HA1E8STA,Lenovo P11 + teclado/lápiz,349999,51
13985.0,HA1CV59P,Lenovo P11 + teclado/lápiz,349999,51
13985.0,HA1E91KD,Lenovo P11 + teclado/lápiz,349999,51
13985.0,HA1D37YJ,Lenovo P11 + teclado/lápiz,349999,51
13985.0,HA1D2W46,Lenovo P11 + teclado/lápiz,349999,51
13985.0,HA1CVK85,Lenovo P11 + teclado/lápiz,349999,51
13985.0,HA1D0TWV,Lenovo P11 + teclado/lápiz,349999,51
13985.0,HA1D0WQF,Lenovo P11 + teclado/lápiz,349999,51
13985.0,HA1E6L3P,Lenovo P11 + teclado/lápiz,349999,51
13985.0,HA1D39VA,Lenovo P11 + teclado/lápiz,349999,51
13985.0,HA1D39WE,Lenovo P11 + teclado/lápiz,349999,52
13985.0,HA1D0WVQ,Lenovo P11 + teclado/lápiz,349999,52
13985.0,HA1D37TE,Lenovo P11 + teclado/lápiz,349999,52
13985.0,HA1CVE64,Lenovo P11 + teclado/lápiz,349999,52
13985.0,HA1E9KAC,Lenovo P11 + teclado/lápiz,349999,52
13985.0,HA1E8SPD,Lenovo P11 + teclado/lápiz,349999,52
13985.0,HA1E8QM7,Lenovo P11 + teclado/lápiz,349999,52
13985.0,HA1E8NT9,Lenovo P11 + teclado/lápiz,349999,52
13985.0,HA1E7VF2,Lenovo P11 + teclado/lápiz,349999,52
13985.0,HA1E7SGV,Lenovo P11 + teclado/lápiz,349999,52
13985.0,HA1E7SFK,Lenovo P11 + teclado/lápiz,349999,52
13985.0,HA1E7SEX,Lenovo P11 + teclado/lápiz,349999,52
13985.0,HA1E7SD1,Lenovo P11 + teclado/lápiz,349999,52
13985.0,HA1E7SC3,Lenovo P11 + teclado/lápiz,349999,52
13985.0,HA1E7QDJ,Lenovo P11 + teclado/lápiz,349999,52
13985.0,HA1E7NGM,Lenovo P11 + teclado/lápiz,349999,52
13985.0,HA1E76Y6,Lenovo P11 + teclado/lápiz,349999,52
13985.0,HA1CVBDC,Lenovo P11 + teclado/lápiz,349999,52
13985.0,HA1CTXMW,Lenovo P11 + teclado/lápiz,349999,52
13985.0,HA1D14Q3,Lenovo P11 + teclado/lápiz,349999,52
13985.0,HA1D10Q4,Lenovo P11 + teclado/lápiz,349999,52
13985.0,HA1D0WPD,Lenovo P11 + teclado/lápiz,349999,52
13985.0,HA1D0PVY,Lenovo P11 + teclado/lápiz,349999,52
13985.0,HA1DOMXR,Lenovo P11 + teclado/lápiz,349999,52
13985.0,HA1DOL6B,Lenovo P11 + teclado/lápiz,349999,52
13985.0,HA1CVK3Q,Lenovo P11 + teclado/lápiz,349999,52
13985.0,HA1CVH5Y,Lenovo P11 + teclado/lápiz,349999,53
13985.0,HA21CVH3X,Lenovo P11 + teclado/lápiz,349999,53
13985.0,HA1CVF69,Lenovo P11 + teclado/lápiz,349999,53
13985.0,HA1CVD89,Lenovo P11 + teclado/lápiz,349999,53
13985.0,HA1CVBB8,Lenovo P11 + teclado/lápiz,349999,53
13985.0,HA1CVB9N,Lenovo P11 + teclado/lápiz,349999,53
13985.0,HA1CV9A7,Lenovo P11 + teclado/lápiz,349999,53
13985.0,HA1CV78Z,Lenovo P11 + teclado/lápiz,349999,53
13985.0,HA1CV3GQ,Lenovo P11 + teclado/lápiz,349999,53
13985.0,HA1CV3DP,Lenovo P11 + teclado/lápiz,349999,53
13985.0,HA1CV3CQ,Lenovo P11 + teclado/lápiz,349999,53
13985.0,HA1E9W2R,Lenovo P11 + teclado/lápiz,349999,53
13985.0,HA1E9T2W,Lenovo P11 + teclado/lápiz,349999,53
13985.0,HA1D0N1C,Lenovo P11 + teclado/lápiz,349999,53
13985.0,HA1E9Y3C,Lenovo P11 + teclado/lápiz,349999,53
13985.0,HA1D0RTL,Lenovo P11 + teclado/lápiz,349999,53
13985.0,HA1CTVXT,Lenovo P11 + teclado/lápiz,349999,53
13985.0,HA1D2R4W,Lenovo P11 + teclado/lápiz,349999,53
13985.0,HA1E9R6W,Lenovo P11 + teclado/lápiz,349999,53
13985.0,HA1D1ELS,Lenovo P11 + teclado/lápiz,349999,53
13985.0,HA1E9R5E,Lenovo P11 + teclado/lápiz,349999,53
13985.0,HA1D0YVY,Lenovo P11 + teclado/lápiz,349999,53
13985.0,HA1E8ZHX,Lenovo P11 + teclado/lápiz,349999,53
13985.0,HA1D14M6,Lenovo P11 + teclado/lápiz,349999,53
13985.0,HA1CVF68,Lenovo P11 + teclado/lápiz,349999,53
13985.0,HA1E6L39,Lenovo P11 + teclado/lápiz,349999,53
13985.0,HA1E8B0P,Lenovo P11 + teclado/lápiz,349999,54
13985.0,HA1E8XKJ,Lenovo P11 + teclado/lápiz,349999,54
13995.0,HA1BQRWR,Lenovo P11 + teclado/lápiz,349999,55
13995.0,HA1CV2V7,Lenovo P11 + teclado/lápiz,349999,55
13995.0,HA1CV3EC,Lenovo P11 + teclado/lápiz,349999,55
13995.0,HA1D3BRX,Lenovo P11 + teclado/lápiz,349999,55
13995.0,HA1CVDB2,Lenovo P11 + teclado/lápiz,349999,55
13995.0,HA1D0RY2,Lenovo P11 + teclado/lápiz,349999,55
13995.0,HA1CV7BV,Lenovo P11 + teclado/lápiz,349999,55
13995.0,HA1D0TT3,Lenovo P11 + teclado/lápiz,349999,55
13995.0,HA1CVQX1,Lenovo P11 + teclado/lápiz,349999,55
13995.0,HA1CTXKQ,Lenovo P11 + teclado/lápiz,349999,55
13995.0,HA1BR39X,Lenovo P11 + teclado/lápiz,349999,55
13995.0,HA1D0N2Q,Lenovo P11 + teclado/lápiz,349999,55
13995.0,HA1D0RW9,Lenovo P11 + teclado/lápiz,349999,55
13995.0,HA1D2M9F,Lenovo P11 + teclado/lápiz,349999,55
13995.0,HA1CVM21,Lenovo P11 + teclado/lápiz,349999,55
13995.0,HA1CVH9E,Lenovo P11 + teclado/lápiz,349999,55
13995.0,HA1D16HM,Lenovo P11 + teclado/lápiz,349999,55
13995.0,HA1D0PXT,Lenovo P11 + teclado/lápiz,349999,55
13995.0,HA1D2Y2X,Lenovo P11 + teclado/lápiz,349999,55
13995.0,HA1D0RSY,Lenovo P11 + teclado/lápiz,349999,56
13995.0,HA1D18H2,Lenovo P11 + teclado/lápiz,349999,56
13995.0,HA1D10R8,Lenovo P11 + teclado/lápiz,349999,56
13995.0,4a1CVM68,Lenovo P11 + teclado/lápiz,349999,56
13995.0,HA1CVHAQ,Lenovo P11 + teclado/lápiz,349999,56
13995.0,HA1BR78V,Lenovo P11 + teclado/lápiz,349999,56
13995.0,HA1BREMZ,Lenovo P11 + teclado/lápiz,349999,56
13995.0,HA1D2P6B,Lenovo P11 + teclado/lápiz,349999,56
13995.0,HA1BRATG,Lenovo P11 + teclado/lápiz,349999,56
13995.0,HA1CVDCZ,Lenovo P11 + teclado/lápiz,349999,56
3684.0,355041994671050,Samsung A8/T295,154700,56
3684.0,355041994671630,Samsung A8/T295,154700,56
13981.0,358893199812328,Samsung A8/T295,142205,56
13981.0,358893199809795,Samsung A8/T295,142205,56
13981.0,358893196922864,Samsung A8/T295,142205,56
13981.0,358893196922542,Samsung A8/T295,142205,56
13981.0,358893196848663,Samsung A8/T295,142205,56
13981.0,358893196922104,Samsung A8/T295,142205,56
13981.0,358893196922161,Samsung A8/T295,142205,56
13981.0,358893196843920,Samsung A8/T295,142205,57
13981.0,358893196843276,Samsung A8/T295,142205,57
13981.0,358893196847475,Samsung A8/T295,142205,57
13981.0,358893196849299,Samsung A8/T295,142205,57
13981.0,358893196851501,Samsung A8/T295,142205,57
13981.0,358893196911016,Samsung A8/T295,142205,57
13981.0,358893196852871,Samsung A8/T295,142205,57
13981.0,358893196921478,Samsung A8/T295,142205,57
13981.0,358893196919548,Samsung A8/T295,142205,57
13981.0,358893196921809,Samsung A8/T295,142205,57
13981.0,358893196921510,Samsung A8/T295,142205,57
13981.0,358893196836759,Samsung A8/T295,142205,57
13981.0,358893196856842,Samsung A8/T295,142205,57
13981.0,358893196922807,Samsung A8/T295,142205,57
13981.0,358893196843680,Samsung A8/T295,142205,57
13981.0,358893196848200,Samsung A8/T295,142205,57
13981.0,358893199812195,Samsung A8/T295,142205,57
13981.0,358893199812377,Samsung A8/T295,142205,57
13981.0,358893199812120,Samsung A8/T295,142205,57
13981.0,358893199797412,Samsung A8/T295,142205,57
13981.0,358893199809704,Samsung A8/T295,142205,57
13981.0,358893199815800,Samsung A8/T295,142205,58
13981.0,358893199815933,Samsung A8/T295,142205,58
13981.0,358893199815354,Samsung A8/T295,142205,58
13981.0,358893199815347,Samsung A8/T295,142205,58
13981.0,358893199810017,Samsung A8/T295,142205,58
13981.0,358893199808862,Samsung A8/T295,142205,58
13981.0,358893199810058,Samsung A8/T295,142205,58
13981.0,358893199812492,Samsung A8/T295,142205,58
13981.0,358893199816592,Samsung A8/T295,142205,58
13981.0,358893199809811,Samsung A8/T295,142205,58
13981.0,358893199809845,Samsung A8/T295,142205,58
13981.0,358893199809852,Samsung A8/T295,142205,58
13981.0,358893199809878,Samsung A8/T295,142205,58
13981.0,358893199810793,Samsung A8/T295,142205,59
13981.0,358893199811494,Samsung A8/T295,142205,59
13981.0,358893199811114,Samsung A8/T295,142205,59
13981.0,358893199811130,Samsung A8/T295,142205,59
13981.0,358893199811049,Samsung A8/T295,142205,59
13981.0,358893199811478,Samsung A8/T295,142205,59
13981.0,358893199811353,Samsung A8/T295,142205,59
13981.0,358893199811411,Samsung A8/T295,142205,59
13981.0,358893199811320,Samsung A8/T295,142205,59
13981.0,358893199806965,Samsung A8/T295,142205,59
13981.0,358893199806882,Samsung A8/T295,142205,59
13981.0,358893199806825,Samsung A8/T295,142205,59
13981.0,358893199811213,Samsung A8/T295,142205,59
13981.0,358893199811189,Samsung A8/T295,142205,59
13981.0,358893199811700,Samsung A8/T295,142205,59
13981.0,358893199811601,Samsung A8/T295,142205,59
13981.0,358893199811585,Samsung A8/T295,142205,59
13981.0,358893199815081,Samsung A8/T295,142205,59
13981.0,358893199815024,Samsung A8/T295,142205,59
13981.0,358893199812591,Samsung A8/T295,142205,59
13981.0,358893199812567,Samsung A8/T295,142205,59
13981.0,358893199812500,Samsung A8/T295,142205,59
13981.0,358893199812187,Samsung A8/T295,142205,59
13981.0,358893199812039,Samsung A8/T295,142205,59
13981.0,358893199805850,Samsung A8/T295,142205,59
13981.0,358893199805827,Samsung A8/T295,142205,59
13981.0,358893199805777,Samsung A8/T295,142205,60
13981.0,358893199805744,Samsung A8/T295,142205,60
13981.0,358893199805736,Samsung A8/T295,142205,60
13981.0,358893199805538,Samsung A8/T295,142205,60
13981.0,358893199805132,Samsung A8/T295,142205,60
13981.0,358893199804432,Samsung A8/T295,142205,60
13981.0,358893199804150,Samsung A8/T295,142205,60
13981.0,358893199802741,Samsung A8/T295,142205,60
13981.0,358893199801222,Samsung A8/T295,142205,60
13981.0,358893199789492,Samsung A8/T295,142205,60
13981.0,358893199789146,Samsung A8/T295,142205,60
13981.0,358893199788759,Samsung A8/T295,142205,60
13981.0,358893199806759,Samsung A8/T295,142205,60
13981.0,358893199806726,Samsung A8/T295,142205,60
13981.0,358893199806684,Samsung A8/T295,142205,60
13981.0,358893199806585,Samsung A8/T295,142205,60
13981.0,358893199805959,Samsung A8/T295,142205,60
13981.0,358893199811874,Samsung A8/T295,142205,60
13981.0,358893199787504,Samsung A8/T295,142205,60
13981.0,358893199787629,Samsung A8/T295,142205,60
13981.0,358893199787405,Samsung A8/T295,142205,60
13981.0,358893199786571,Samsung A8/T295,142205,60
13981.0,358893199786217,Samsung A8/T295,142205,60
13981.0,358893199785797,Samsung A8/T295,142205,60
13981.0,358893199785417,Samsung A8/T295,142205,60
13981.0,358893199783362,Samsung A8/T295,142205,60
13981.0,358893196836999,Samsung A8/T295,142205,61
13981.0,358893199810165,Samsung A8/T295,142205,61
13981.0,358893199810264,Samsung A8/T295,142205,61
13981.0,358893199810314,Samsung A8/T295,142205,61
13981.0,358893199810322,Samsung A8/T295,142205,61
13981.0,358893199810421,Samsung A8/T295,142205,61
13981.0,358893199810454,Samsung A8/T295,142205,61
13981.0,358893199810496,Samsung A8/T295,142205,61
13981.0,358893199810538,Samsung A8/T295,142205,61
13981.0,358893199810561,Samsung A8/T295,142205,61
13981.0,358893199810090,Samsung A8/T295,142205,61
13981.0,358893199810660,Samsung A8/T295,142205,61
13981.0,358893199809233,Samsung A8/T295,142205,61
13981.0,358893199808730,Samsung A8/T295,142205,61
13981.0,358893199810678,Samsung A8/T295,142205,61
13981.0,358893199810736,Samsung A8/T295,142205,61
13981.0,358893199810819,Samsung A8/T295,142205,61
13981.0,358893199810827,Samsung A8/T295,142205,61
13981.0,358893199810918,Samsung A8/T295,142205,61
13981.0,358893199810926,Samsung A8/T295,142205,61
13981.0,358893199810975,Samsung A8/T295,142205,61
13981.0,358893199811023,Samsung A8/T295,142205,61
13981.0,358893199808508,Samsung A8/T295,142205,61
13981.0,358893199808466,Samsung A8/T295,142205,61
13981.0,358893199808433,Samsung A8/T295,142205,61
13981.0,358893199808268,Samsung A8/T295,142205,61
13981.0,358893199808698,Samsung A8/T295,142205,62
13981.0,358893199815164,Samsung A8/T295,142205,62
13981.0,358893199815099,Samsung A8/T295,142205,62
13981.0,358893199808599,Samsung A8/T295,142205,62
13981.0,358893199808680,Samsung A8/T295,142205,62
13981.0,358893199808755,Samsung A8/T295,142205,62
13981.0,358893199808896,Samsung A8/T295,142205,62
13981.0,358893199809035,Samsung A8/T295,142205,62
13981.0,358893199809050,Samsung A8/T295,142205,62
13981.0,358893199809084,Samsung A8/T295,142205,62
13981.0,358893199809100,Samsung A8/T295,142205,62
13981.0,358893199811783,Samsung A8/T295,142205,62
13981.0,358893199809118,Samsung A8/T295,142205,62
13981.0,358893199809175,Samsung A8/T295,142205,62
13981.0,358893199809266,Samsung A8/T295,142205,62
13981.0,358893199809357,Samsung A8/T295,142205,62
13981.0,358893199809746,Samsung A8/T295,142205,62
13981.0,358893199809779,Samsung A8/T295,142205,62
13981.0,358893199809803,Samsung A8/T295,142205,62
13981.0,358893199808136,Samsung A8/T295,142205,62
13981.0,358893199808037,Samsung A8/T295,142205,62
13981.0,358893199807997,Samsung A8/T295,142205,62
13981.0,358893199807963,Samsung A8/T295,142205,62
13981.0,358893199807930,Samsung A8/T295,142205,62
13981.0,358893199807922,Samsung A8/T295,142205,62
13981.0,358893199807245,Samsung A8/T295,142205,62
13981.0,358893199809217,Samsung A8/T295,142205,63
13981.0,358893199797396,Samsung A8/T295,142205,63
