anio,rbd,nombre,dependencia,oferta,matricula_total,pas_filas_archivo_anual,tiene_pas_publicado,pme_acciones_2024,tiene_pme_registro_2024,pme_estimacion_clp_2024,simce_filas,idps_filas
2022,9499,ESCUELA HOGAR DE CIEGOS SANTA LUCIA,particular_subvencionado,especial,75,0,0,,,,,
2022,9693,LICEO POLITECNICO CIENCIA Y TECNOLOGIA,municipal_daem,basica_media,924,0,0,,,,,
2022,9699,COLEGIO NACIONES UNIDAS,municipal_daem,basica_media,326,0,0,,,,,
2022,9700,COLEGIO PALESTINO,municipal_daem,basica_media,365,0,0,,,,,
2022,9701,LICEO POLIVALENTE OLOF PALME,municipal_daem,basica_media,517,0,0,,,,,
2022,9703,ESCUELA ESPERANZA JOVEN,municipal_daem,basica_media,343,0,0,,,,,
2022,9706,ESCUELA BAS. OSCAR ENCALADA YOVANOVICH,municipal_daem,basica_media,348,1,1,,,,,
2022,9722,LICEO PORTAL DE LA CISTERNA,municipal_daem,basica_media,638,0,0,,,,,
2022,9730,COLEGIO ANTU,municipal_daem,basica_media,341,0,0,,,,,
2022,9754,INSTITUTO COMERCIAL PARTICULAR LA CISTERNA,particular_subvencionado,basica_media,538,0,0,,,,,
2022,9757,CENTRO EDUCACIONAL SANTA CLARA,particular_subvencionado,basica_media,1037,1,1,,,,,
2022,9758,COLEGIO SANTA ISABEL DE HUNGRIA,particular_subvencionado,basica_media,1182,0,0,,,,,
2022,9759,LICEO LAURA VICUNA,particular_subvencionado,basica_media,685,1,1,,,,,
2022,9766,COLEGIO SANTA MARIA DE LOS ANGELES,particular_subvencionado,basica_media,560,0,0,,,,,
2022,9767,LICEO MADRE CECILIA LAZZERI,particular_subvencionado,basica_media,1128,1,1,,,,,
2022,9771,CHILEAN EAGLES COLLEGE - LA CISTERNA,particular_subvencionado,basica_media,708,0,0,,,,,
2022,9779,CENTRO EDUCACIONAL SANTA ROSA,particular_subvencionado,basica_media,580,0,0,,,,,
2022,9781,CENTRO POLITECNICO PARTICULAR SAN RAMON,particular_subvencionado,basica_media,1140,0,0,,,,,
2022,9784,LICEO TÉCNICO INDUSTRIAL LA CISTERNA,particular_subvencionado,basica_media,231,2,1,,,,,
2022,9786,ROSA MARCKMANN DE GONZALEZ,particular_subvencionado,basica_media,712,0,0,,,,,
2022,9788,ESCUELA PARTICULAR GRACIELA L.DE IBANEZ,particular_subvencionado,basica_media,477,0,0,,,,,
2022,9789,ESCUELA PARTICULAR PABLO GOYENECHE IVER,particular_subvencionado,basica_media,146,0,0,,,,,
2022,9797,COLEGIO ADVENTISTA LA CISTERNA,particular_subvencionado,basica_media,596,0,0,,,,,
2022,9801,COLEGIO POLIV. SAINT ORLAND,particular_subvencionado,basica_media,772,2,1,,,,,
2022,9804,ESCUELA PABLO DE TARSO,particular_subvencionado,basica_media,214,0,0,,,,,
2022,9807,ESCUELA PARTICULAR LOCARNO,particular_subvencionado,basica_media,123,0,0,,,,,
2022,9808,ESCUELA PARTICULAR GUIA ESTUDIANTIL,particular_subvencionado,basica_media,322,0,0,,,,,
2022,9809,ESCUELA PARTICULAR SAINT PHILLIP OF NERY,particular_subvencionado,basica_media,261,0,0,,,,,
2022,9811,ESCUELA PART. REPUBLICA ALEMANIA FEDERAL,particular_subvencionado,basica_media,1669,1,1,,,,,
2022,9827,COLEGIO IDOP LIMITADA,particular_subvencionado,basica_media,1084,0,0,,,,,
2022,9829,COLEGIO MIGUEL DE CERVANTES,particular_subvencionado,basica_media,623,1,1,,,,,
2022,9830,ESCUELA PARTICULAR SAN MARTIN DE PORRES,particular_subvencionado,basica_media,132,0,0,,,,,
2022,9859,COLEGIO PARTICULAR VILLA JESUS,particular_subvencionado,basica_media,817,0,0,,,,,
2022,11914,ESCUELA BASICA Nº128 SAN RAMON,particular_subvencionado,basica_media,360,0,0,,,,,
2022,11918,FROILAN YAÑEZ DE LA BARRA,particular_subvencionado,basica_media,299,0,0,,,,,
2022,11980,ESCUELA ESPECIAL PARTICULAR CECLA,particular_subvencionado,especial,92,0,0,,,,,
2022,11997,ESCUELA JOSE IBAÑEZ,particular_subvencionado,basica_media,604,1,1,,,,,
2022,16821,ESCUELA ESPECIAL APRENDAMOS JUNTOS,particular_subvencionado,especial,79,0,0,,,,,
2022,16827,ESCUELA ESPECIAL Y DE PARVULOS PETIT PRINCE,particular_subvencionado,especial,73,0,0,,,,,
2022,24868,ES.ESP.PART.PUERTA ABIERTA,particular_subvencionado,especial,133,0,0,,,,,
2022,25017,ESC. BAS. PATR. WILLINS HOOVER KURT,particular_subvencionado,basica_media,304,0,0,,,,,
2022,25075,ESC.ESP.TRAT.DE LA COMUNICION EDEN,particular_subvencionado,basica_media,134,0,0,,,,,
2022,25265,COLEGIO ANTIL MAWIDA,particular_subvencionado,basica_media,808,0,0,,,,,
2022,25437,ESC. BASICA Y ESP.  EL NAZARENO,particular_subvencionado,especial,61,0,0,,,,,
2022,25480,COLEGIO JOSE LUIS LEGRANGE DE LA CISTERNA,particular_subvencionado,basica_media,421,1,1,,,,,
2022,25629,ESCUELA ESPECIAL EL ALBA DE LA CISTERNA,particular_subvencionado,especial,36,0,0,,,,,
2022,25727,LICEO PART. SALESIANO MANUEL ARRIARAN BARROS,particular_subvencionado,basica_media,1597,2,1,,,,,
2022,25869,ESCUELA ESP. PART. SAN NICOLAS,particular_subvencionado,especial,86,0,0,,,,,
2022,25995,CENTRO POLITEC. CARLOS CONDELL DE LA CISTERNA,particular_subvencionado,basica_media,547,3,1,,,,,
2022,26230,ESCUELA ESP. SOL NACIENTE,particular_subvencionado,especial,84,0,0,,,,,
2022,26278,ESCUELA BASICA ARISTA VITAE,particular_subvencionado,basica_media,53,0,0,,,,,
2022,26337,ESCUELA ESPECIAL ADAES,particular_subvencionado,especial,12,0,0,,,,,
2022,26351,ESCUELA ESPECIAL N°2253 ANTULAF,particular_subvencionado,especial,56,0,0,,,,,
2022,26359,ESCUELA ESPECIAL GABRIELA RUBIO,particular_subvencionado,especial,79,0,0,,,,,
2022,26384,COLEGIO TEC. PROF. SAN RAMON LA CISTERNA,particular_subvencionado,basica_media,126,0,0,,,,,
2022,26459,ESCUELA ESPECIAL ANCHIMALLEN,particular_subvencionado,especial,38,0,0,,,,,
2022,26536,ESCUELA ESPECIAL Nº 2339 ATRAVIA,particular_subvencionado,especial,105,1,1,,,,,
2022,31030,ESCUELA PRE MILITAR HEROES DE LA CONCEPCION,particular_subvencionado,basica_media,1165,2,1,,,,,
2022,31283,ESCUELA LENG. Y PARVULOS  HORMIGUITA,particular_subvencionado,especial,89,1,1,,,,,
2022,31518,ESCUELA ESPECIAL Y DE PÁRVULOS HORMIGUITA 2,particular_subvencionado,especial,117,0,0,,,,,
2023,9499,ESCUELA HOGAR DE CIEGOS SANTA LUCIA,particular_subvencionado,especial,62,2,1,,,,1,0
2023,9693,LICEO POLITECNICO CIENCIA Y TECNOLOGIA,municipal_daem,basica_media,887,1,1,,,,1,4
2023,9699,COLEGIO NACIONES UNIDAS,municipal_daem,basica_media,325,1,1,,,,1,4
2023,9700,COLEGIO PALESTINO,municipal_daem,basica_media,332,1,1,,,,1,4
2023,9701,LICEO POLIVALENTE OLOF PALME,municipal_daem,basica_media,473,0,0,,,,2,8
2023,9703,ESCUELA ESPERANZA JOVEN,municipal_daem,basica_media,334,1,1,,,,1,4
2023,9706,ESCUELA BAS. OSCAR ENCALADA YOVANOVICH,municipal_daem,basica_media,315,2,1,,,,1,4
2023,9722,LICEO PORTAL DE LA CISTERNA,municipal_daem,basica_media,530,3,1,,,,2,8
2023,9730,COLEGIO ANTU,municipal_daem,basica_media,322,1,1,,,,1,4
2023,9754,INSTITUTO COMERCIAL PARTICULAR LA CISTERNA,particular_subvencionado,basica_media,547,0,0,,,,1,4
2023,9757,CENTRO EDUCACIONAL SANTA CLARA,particular_subvencionado,basica_media,1032,3,1,,,,2,8
2023,9758,COLEGIO SANTA ISABEL DE HUNGRIA,particular_subvencionado,basica_media,1175,1,1,,,,2,8
2023,9759,LICEO LAURA VICUNA,particular_subvencionado,basica_media,680,0,0,,,,2,8
2023,9766,COLEGIO SANTA MARIA DE LOS ANGELES,particular_subvencionado,basica_media,565,0,0,,,,2,8
2023,9767,LICEO MADRE CECILIA LAZZERI,particular_subvencionado,basica_media,1145,0,0,,,,2,8
2023,9771,CHILEAN EAGLES COLLEGE - LA CISTERNA,particular_subvencionado,basica_media,709,1,1,,,,2,8
2023,9779,CENTRO EDUCACIONAL SANTA ROSA,particular_subvencionado,basica_media,597,0,0,,,,1,4
2023,9781,CENTRO POLITECNICO PARTICULAR SAN RAMON,particular_subvencionado,basica_media,1109,0,0,,,,1,4
2023,9784,LICEO TÉCNICO INDUSTRIAL LA CISTERNA,particular_subvencionado,basica_media,263,0,0,,,,1,4
2023,9786,ROSA MARCKMANN DE GONZALEZ,particular_subvencionado,basica_media,683,1,1,,,,1,4
2023,9788,ESCUELA PARTICULAR GRACIELA L.DE IBANEZ,particular_subvencionado,basica_media,461,0,0,,,,1,4
2023,9789,ESCUELA PARTICULAR PABLO GOYENECHE IVER,particular_subvencionado,basica_media,151,0,0,,,,1,4
2023,9797,COLEGIO ADVENTISTA LA CISTERNA,particular_subvencionado,basica_media,601,0,0,,,,2,8
2023,9801,COLEGIO POLIV. SAINT ORLAND,particular_subvencionado,basica_media,743,0,0,,,,2,8
2023,9804,ESCUELA PABLO DE TARSO,particular_subvencionado,basica_media,214,1,1,,,,1,4
2023,9807,ESCUELA PARTICULAR LOCARNO,particular_subvencionado,basica_media,119,0,0,,,,1,4
2023,9808,ESCUELA PARTICULAR GUIA ESTUDIANTIL,particular_subvencionado,basica_media,301,1,1,,,,1,4
2023,9809,ESCUELA PARTICULAR SAINT PHILLIP OF NERY,particular_subvencionado,basica_media,241,1,1,,,,1,4
2023,9811,ESCUELA PART. REPUBLICA ALEMANIA FEDERAL,particular_subvencionado,basica_media,1660,1,1,,,,1,4
2023,9827,COLEGIO IDOP LIMITADA,particular_subvencionado,basica_media,1083,3,1,,,,2,8
2023,9829,COLEGIO MIGUEL DE CERVANTES,particular_subvencionado,basica_media,632,1,1,,,,1,4
2023,9830,ESCUELA PARTICULAR SAN MARTIN DE PORRES,particular_subvencionado,basica_media,126,0,0,,,,0,0
2023,9859,COLEGIO PARTICULAR VILLA JESUS,particular_subvencionado,basica_media,779,0,0,,,,1,4
2023,11914,ESCUELA BASICA Nº128 SAN RAMON,particular_subvencionado,basica_media,354,0,0,,,,1,4
2023,11918,FROILAN YAÑEZ DE LA BARRA,particular_subvencionado,basica_media,285,0,0,,,,1,4
2023,11980,ESCUELA ESPECIAL PARTICULAR CECLA,particular_subvencionado,especial,98,0,0,,,,0,0
2023,11997,ESCUELA JOSE IBAÑEZ,particular_subvencionado,basica_media,596,0,0,,,,1,4
2023,16821,ESCUELA ESPECIAL APRENDAMOS JUNTOS,particular_subvencionado,especial,80,0,0,,,,0,0
2023,16827,ESCUELA ESPECIAL Y DE PARVULOS PETIT PRINCE,particular_subvencionado,especial,75,0,0,,,,0,0
2023,24868,ES.ESP.PART.PUERTA ABIERTA,particular_subvencionado,especial,136,0,0,,,,0,0
2023,25017,ESC. BAS. PATR. WILLINS HOOVER KURT,particular_subvencionado,basica_media,303,0,0,,,,1,4
2023,25075,ESC.ESP.TRAT.DE LA COMUNICION EDEN,particular_subvencionado,especial,80,0,0,,,,0,0
2023,25265,COLEGIO ANTIL MAWIDA,particular_subvencionado,basica_media,815,3,1,,,,2,8
2023,25437,ESC. BASICA Y ESP.  EL NAZARENO,particular_subvencionado,especial,58,0,0,,,,0,0
2023,25480,COLEGIO JOSE LUIS LEGRANGE DE LA CISTERNA,particular_subvencionado,basica_media,431,1,1,,,,2,8
2023,25629,ESCUELA ESPECIAL EL ALBA DE LA CISTERNA,particular_subvencionado,especial,40,0,0,,,,0,0
2023,25727,LICEO PART. SALESIANO MANUEL ARRIARAN BARROS,particular_subvencionado,basica_media,1585,4,1,,,,2,8
2023,25869,ESCUELA ESP. PART. SAN NICOLAS,particular_subvencionado,especial,95,0,0,,,,0,0
2023,25995,CENTRO POLITEC. CARLOS CONDELL DE LA CISTERNA,particular_subvencionado,basica_media,553,1,1,,,,1,4
2023,26230,ESCUELA ESP. SOL NACIENTE,particular_subvencionado,especial,88,0,0,,,,0,0
2023,26278,ESCUELA BASICA ARISTA VITAE,particular_subvencionado,basica_media,48,0,0,,,,1,4
2023,26337,ESCUELA ESPECIAL ADAES,particular_subvencionado,especial,11,0,0,,,,0,0
2023,26351,ESCUELA ESPECIAL N°2253 ANTULAF,particular_subvencionado,especial,60,0,0,,,,0,0
2023,26359,ESCUELA ESPECIAL GABRIELA RUBIO,particular_subvencionado,especial,77,0,0,,,,0,0
2023,26384,COLEGIO TEC. PROF. SAN RAMON LA CISTERNA,particular_subvencionado,basica_media,127,0,0,,,,1,4
2023,26459,ESCUELA ESPECIAL ANCHIMALLEN,particular_subvencionado,especial,79,0,0,,,,0,0
2023,26536,ESCUELA ESPECIAL Nº 2339 ATRAVIA,particular_subvencionado,especial,114,0,0,,,,0,0
2023,31030,ESCUELA PRE MILITAR HEROES DE LA CONCEPCION,particular_subvencionado,basica_media,1034,4,1,,,,1,4
2023,31283,ESCUELA LENG. Y PARVULOS  HORMIGUITA,particular_subvencionado,especial,88,0,0,,,,0,0
2023,31518,ESCUELA ESPECIAL Y DE PÁRVULOS HORMIGUITA 2,particular_subvencionado,especial,118,0,0,,,,0,0
2024,9499,ESCUELA HOGAR DE CIEGOS SANTA LUCIA,particular_subvencionado,especial,55,0,0,18,1,0,2,8
2024,9693,LICEO POLITECNICO CIENCIA Y TECNOLOGIA,municipal_daem,basica_media,848,0,0,14,1,487400000,1,4
2024,9699,COLEGIO NACIONES UNIDAS,municipal_daem,basica_media,307,0,0,18,1,224000000,2,8
2024,9700,COLEGIO PALESTINO,municipal_daem,basica_media,342,1,1,12,1,136435996,2,8
2024,9701,LICEO POLIVALENTE OLOF PALME,municipal_daem,basica_media,449,0,0,17,1,213794000,3,12
2024,9703,ESCUELA ESPERANZA JOVEN,municipal_daem,basica_media,322,0,0,19,1,168729000,2,8
2024,9706,ESCUELA BAS. OSCAR ENCALADA YOVANOVICH,municipal_daem,basica_media,307,1,1,13,1,65000000,2,8
2024,9722,LICEO PORTAL DE LA CISTERNA,municipal_daem,basica_media,463,0,0,20,1,123800000,3,12
2024,9730,COLEGIO ANTU,municipal_daem,basica_media,322,1,1,21,1,156824000,2,8
2024,9754,INSTITUTO COMERCIAL PARTICULAR LA CISTERNA,particular_subvencionado,basica_media,573,1,1,14,1,115100000,1,4
2024,9757,CENTRO EDUCACIONAL SANTA CLARA,particular_subvencionado,basica_media,1038,0,0,21,1,430200000,3,12
2024,9758,COLEGIO SANTA ISABEL DE HUNGRIA,particular_subvencionado,basica_media,1154,1,1,20,1,468500000,3,12
2024,9759,LICEO LAURA VICUNA,particular_subvencionado,basica_media,665,2,1,16,1,200000000,3,12
2024,9766,COLEGIO SANTA MARIA DE LOS ANGELES,particular_subvencionado,basica_media,564,0,0,0,0,,3,12
2024,9767,LICEO MADRE CECILIA LAZZERI,particular_subvencionado,basica_media,1141,0,0,0,0,,3,12
2024,9771,CHILEAN EAGLES COLLEGE - LA CISTERNA,particular_subvencionado,basica_media,711,0,0,32,1,147839366,3,12
2024,9779,CENTRO EDUCACIONAL SANTA ROSA,particular_subvencionado,basica_media,735,0,0,26,1,526616742,1,4
2024,9781,CENTRO POLITECNICO PARTICULAR SAN RAMON,particular_subvencionado,basica_media,1030,1,1,21,1,418000000,1,4
2024,9784,LICEO TÉCNICO INDUSTRIAL LA CISTERNA,particular_subvencionado,basica_media,302,0,0,12,1,209840000,1,4
2024,9786,ROSA MARCKMANN DE GONZALEZ,particular_subvencionado,basica_media,614,0,0,27,1,299500000,2,8
2024,9788,ESCUELA PARTICULAR GRACIELA L.DE IBANEZ,particular_subvencionado,basica_media,436,1,1,17,1,233466000,2,8
2024,9789,ESCUELA PARTICULAR PABLO GOYENECHE IVER,particular_subvencionado,basica_media,143,1,1,9,1,56000000,2,8
2024,9797,COLEGIO ADVENTISTA LA CISTERNA,particular_subvencionado,basica_media,606,0,0,17,1,324400000,3,12
2024,9801,COLEGIO POLIV. SAINT ORLAND,particular_subvencionado,basica_media,715,0,0,14,1,392000000,3,12
2024,9804,ESCUELA PABLO DE TARSO,particular_subvencionado,basica_media,195,0,0,13,1,89500000,2,8
2024,9807,ESCUELA PARTICULAR LOCARNO,particular_subvencionado,basica_media,102,4,1,8,1,95000000,2,8
2024,9808,ESCUELA PARTICULAR GUIA ESTUDIANTIL,particular_subvencionado,basica_media,275,0,0,13,1,199000000,2,8
2024,9809,ESCUELA PARTICULAR SAINT PHILLIP OF NERY,particular_subvencionado,basica_media,249,1,1,22,1,232500000,2,8
2024,9811,ESCUELA PART. REPUBLICA ALEMANIA FEDERAL,particular_subvencionado,basica_media,1592,0,0,17,1,550000000,2,8
2024,9827,COLEGIO IDOP LIMITADA,particular_subvencionado,basica_media,1057,0,0,23,1,521000000,3,12
2024,9829,COLEGIO BICENTENARIO DE EXCELENCIA MIGUEL DE CERVANTES,particular_subvencionado,basica_media,617,1,1,16,1,330500000,1,4
2024,9859,COLEGIO PARTICULAR VILLA JESUS,particular_subvencionado,basica_media,778,0,0,21,1,468000000,2,8
2024,11914,ESCUELA BASICA Nº128 SAN RAMON,particular_subvencionado,basica_media,343,0,0,12,1,120000000,2,8
2024,11918,FROILAN YAÑEZ DE LA BARRA,particular_subvencionado,basica_media,298,1,1,13,1,58900000,1,4
2024,11980,ESCUELA ESPECIAL PARTICULAR CECLA,particular_subvencionado,especial,103,2,1,0,0,,0,0
2024,11997,ESCUELA JOSE IBAÑEZ,particular_subvencionado,basica_media,539,2,1,29,1,202103614,2,8
2024,16821,ESCUELA ESPECIAL APRENDAMOS JUNTOS,particular_subvencionado,especial,84,0,0,0,0,,0,0
2024,16827,ESCUELA ESPECIAL Y DE PARVULOS PETIT PRINCE,particular_subvencionado,especial,77,0,0,12,1,18400000,0,0
2024,24868,ES.ESP.PART.PUERTA ABIERTA,particular_subvencionado,especial,137,0,0,0,0,,0,0
2024,25017,ESC. BAS. PATR. WILLINS HOOVER KURT,particular_subvencionado,basica_media,329,0,0,20,1,178000000,2,8
2024,25075,ESC.ESP.TRAT.DE LA COMUNICION EDEN,particular_subvencionado,especial,69,0,0,0,0,,0,0
2024,25265,COLEGIO ANTIL MAWIDA,particular_subvencionado,basica_media,820,4,1,27,1,196860000,3,12
2024,25437,ESC. BASICA Y ESP.  EL NAZARENO,particular_subvencionado,especial,53,0,0,0,0,,0,0
2024,25480,COLEGIO JOSE LUIS LEGRANGE DE LA CISTERNA,particular_subvencionado,basica_media,444,1,1,8,1,0,3,12
2024,25629,ESCUELA ESPECIAL EL ALBA DE LA CISTERNA,particular_subvencionado,especial,42,0,0,0,0,,0,0
2024,25727,LICEO PART. SALESIANO MANUEL ARRIARAN BARROS,particular_subvencionado,basica_media,1564,2,1,0,0,,3,12
2024,25869,ESCUELA ESP. PART. SAN NICOLAS,particular_subvencionado,especial,104,0,0,0,0,,0,0
2024,25995,CENTRO POLITEC. CARLOS CONDELL DE LA CISTERNA,particular_subvencionado,basica_media,549,0,0,18,1,255800000,1,4
2024,26230,ESCUELA ESP. SOL NACIENTE,particular_subvencionado,especial,63,0,0,10,1,0,0,0
2024,26278,ESCUELA BASICA ARISTA VITAE,particular_subvencionado,basica_media,47,0,0,8,1,0,2,8
2024,26337,ESCUELA ESPECIAL ADAES,particular_subvencionado,especial,11,0,0,8,1,0,0,0
2024,26351,ESCUELA ESPECIAL N°2253 ANTULAF,particular_subvencionado,especial,53,0,0,18,1,11600000,0,0
2024,26359,ESCUELA ESPECIAL GABRIELA RUBIO,particular_subvencionado,especial,72,0,0,9,1,0,0,0
2024,26384,COLEGIO TEC. PROF. SAN RAMON LA CISTERNA,particular_subvencionado,basica_media,162,0,0,22,1,44500000,1,4
2024,26459,ESCUELA ESPECIAL ANCHIMALLEN,particular_subvencionado,especial,75,0,0,0,0,,0,0
2024,26536,ESCUELA ESPECIAL Nº 2339 ATRAVIA,particular_subvencionado,especial,127,0,0,0,0,,0,0
2024,31030,ESCUELA PRE MILITAR HEROES DE LA CONCEPCION,particular_subvencionado,basica_media,1193,2,1,0,0,,1,4
2024,31283,ESCUELA LENG. Y PARVULOS  HORMIGUITA,particular_subvencionado,especial,83,0,0,11,1,19980000,0,0
2024,31518,ESCUELA ESPECIAL Y DE PÁRVULOS HORMIGUITA 2,particular_subvencionado,especial,118,1,1,11,1,20320000,0,0
2025,9499,ESCUELA HOGAR DE CIEGOS SANTA LUCIA,particular_subvencionado,especial,35,0,0,,,,1,0
2025,9693,LICEO POLITECNICO CIENCIA Y TECNOLOGIA,slep,basica_media,900,3,1,,,,1,4
2025,9699,COLEGIO NACIONES UNIDAS,slep,basica_media,312,0,0,,,,2,8
2025,9700,COLEGIO PALESTINO,slep,basica_media,277,0,0,,,,2,8
2025,9701,LICEO POLIVALENTE OLOF PALME,slep,basica_media,420,0,0,,,,3,12
2025,9703,ESCUELA ESPERANZA JOVEN,slep,basica_media,315,0,0,,,,2,8
2025,9706,ESCUELA BAS. OSCAR ENCALADA YOVANOVICH,slep,basica_media,269,1,1,,,,2,8
2025,9722,LICEO PORTAL DE LA CISTERNA,slep,basica_media,421,1,1,,,,3,12
2025,9730,COLEGIO ANTU,slep,basica_media,283,0,0,,,,2,8
2025,9754,INSTITUTO COMERCIAL PARTICULAR LA CISTERNA,particular_subvencionado,basica_media,642,0,0,,,,1,4
2025,9757,CENTRO EDUCACIONAL SANTA CLARA,particular_subvencionado,basica_media,1033,0,0,,,,3,12
2025,9758,COLEGIO SANTA ISABEL DE HUNGRIA,particular_subvencionado,basica_media,1162,1,1,,,,3,12
2025,9759,LICEO LAURA VICUNA,particular_subvencionado,basica_media,649,0,0,,,,3,12
2025,9766,COLEGIO SANTA MARIA DE LOS ANGELES,particular_subvencionado,basica_media,566,0,0,,,,3,12
2025,9767,LICEO MADRE CECILIA LAZZERI,particular_subvencionado,basica_media,1140,0,0,,,,3,12
2025,9771,CHILEAN EAGLES COLLEGE - LA CISTERNA,particular_subvencionado,basica_media,720,0,0,,,,3,12
2025,9779,CENTRO EDUCACIONAL SANTA ROSA,particular_subvencionado,basica_media,889,0,0,,,,1,4
2025,9781,CENTRO POLITECNICO PARTICULAR SAN RAMON,particular_subvencionado,basica_media,1024,0,0,,,,2,8
2025,9784,LICEO TÉCNICO INDUSTRIAL LA CISTERNA,particular_subvencionado,basica_media,255,0,0,,,,1,4
2025,9786,ROSA MARCKMANN DE GONZALEZ,particular_subvencionado,basica_media,579,0,0,,,,2,8
2025,9788,ESCUELA PARTICULAR GRACIELA L.DE IBANEZ,particular_subvencionado,basica_media,442,1,1,,,,2,8
2025,9789,ESCUELA PARTICULAR PABLO GOYENECHE IVER,particular_subvencionado,basica_media,140,0,0,,,,2,8
2025,9797,COLEGIO ADVENTISTA LA CISTERNA,particular_subvencionado,basica_media,605,1,1,,,,3,12
2025,9801,COLEGIO POLIV. SAINT ORLAND,particular_subvencionado,basica_media,699,0,0,,,,3,12
2025,9804,ESCUELA PABLO DE TARSO,particular_subvencionado,basica_media,199,2,1,,,,1,4
2025,9807,ESCUELA PARTICULAR LOCARNO,particular_subvencionado,basica_media,102,0,0,,,,1,4
2025,9808,ESCUELA PARTICULAR GUIA ESTUDIANTIL,particular_subvencionado,basica_media,221,1,1,,,,2,8
2025,9809,ESCUELA PARTICULAR SAINT PHILLIP OF NERY,particular_subvencionado,basica_media,216,0,0,,,,2,8
2025,9811,ESCUELA PART. REPUBLICA ALEMANIA FEDERAL,particular_subvencionado,basica_media,1567,1,1,,,,2,8
2025,9827,COLEGIO IDOP LIMITADA,particular_subvencionado,basica_media,1062,0,0,,,,3,12
2025,9829,COLEGIO BICENTENARIO DE EXCELENCIA MIGUEL DE CERVANTES,particular_subvencionado,basica_media,639,0,0,,,,1,4
2025,9859,COLEGIO PARTICULAR VILLA JESUS,particular_subvencionado,basica_media,751,0,0,,,,2,8
2025,11914,ESCUELA BASICA Nº128 SAN RAMON,particular_subvencionado,basica_media,360,0,0,,,,2,8
2025,11918,FROILAN YAÑEZ DE LA BARRA,particular_subvencionado,basica_media,303,0,0,,,,1,4
2025,11980,ESCUELA ESPECIAL PARTICULAR CECLA,particular_subvencionado,especial,103,0,0,,,,0,0
2025,11997,ESCUELA JOSE IBAÑEZ,particular_subvencionado,basica_media,468,0,0,,,,2,8
2025,16821,ESCUELA ESPECIAL APRENDAMOS JUNTOS,particular_subvencionado,especial,81,0,0,,,,0,0
2025,16827,ESCUELA ESPECIAL Y DE PARVULOS PETIT PRINCE,particular_subvencionado,especial,75,0,0,,,,0,0
2025,24868,ES.ESP.PART.PUERTA ABIERTA,particular_subvencionado,especial,140,0,0,,,,0,0
2025,25017,ESC. BAS. PATR. WILLINS HOOVER KURT,particular_subvencionado,basica_media,343,0,0,,,,2,8
2025,25075,ESC.ESP.TRAT.DE LA COMUNICION EDEN,particular_subvencionado,especial,55,0,0,,,,0,0
2025,25265,COLEGIO ANTIL MAWIDA,particular_subvencionado,basica_media,800,0,0,,,,3,12
2025,25437,ESC. BASICA Y ESP.  EL NAZARENO,particular_subvencionado,especial,62,0,0,,,,0,0
2025,25480,COLEGIO JOSE LUIS LEGRANGE DE LA CISTERNA,particular_subvencionado,basica_media,456,1,1,,,,3,12
2025,25629,ESCUELA ESPECIAL EL ALBA DE LA CISTERNA,particular_subvencionado,especial,44,0,0,,,,0,0
2025,25727,LICEO PART. SALESIANO MANUEL ARRIARAN BARROS,particular_subvencionado,basica_media,1517,3,1,,,,3,12
2025,25869,ESCUELA ESP. PART. SAN NICOLAS,particular_subvencionado,especial,93,0,0,,,,0,0
2025,25995,CENTRO POLITEC. CARLOS CONDELL DE LA CISTERNA,particular_subvencionado,basica_media,544,1,1,,,,1,4
2025,26230,ESCUELA ESP. SOL NACIENTE,particular_subvencionado,especial,50,0,0,,,,0,0
2025,26278,ESCUELA BASICA ARISTA VITAE,particular_subvencionado,basica_media,25,0,0,,,,2,8
2025,26337,ESCUELA ESPECIAL ADAES,particular_subvencionado,especial,4,0,0,,,,0,0
2025,26351,ESCUELA ESPECIAL N°2253 ANTULAF,particular_subvencionado,especial,54,0,0,,,,0,0
2025,26359,ESCUELA ESPECIAL GABRIELA RUBIO,particular_subvencionado,especial,70,0,0,,,,0,0
2025,26384,COLEGIO TEC. PROF. SAN RAMON LA CISTERNA,particular_subvencionado,basica_media,202,0,0,,,,1,4
2025,26459,ESCUELA ESPECIAL ANCHIMALLEN,particular_subvencionado,especial,67,0,0,,,,0,0
2025,26536,ESCUELA ESPECIAL Nº 2339 ATRAVIA,particular_subvencionado,especial,128,0,0,,,,0,0
2025,31030,ESCUELA PRE MILITAR HEROES DE LA CONCEPCION,particular_subvencionado,basica_media,986,2,1,,,,2,8
2025,31283,ESCUELA LENG. Y PARVULOS  HORMIGUITA,particular_subvencionado,especial,79,0,0,,,,0,0
2025,31518,ESCUELA ESPECIAL Y DE PÁRVULOS HORMIGUITA 2,particular_subvencionado,especial,111,0,0,,,,0,0
