pa_id,rbd,archivo_anio,actividad,programa,estado,materia_confirmada,clasificacion_materia
221300503,9757,2022,Denuncias,Seguimiento Establecimiento Educacional con R.O,Terminado 2da Instancia,,sin_antecedente_en_base_pas
221301220,25995,2022,Programas,Original Modelo Rex Nº 290,Terminado 1ra Instancia,,sin_antecedente_en_base_pas
221301221,25995,2022,Programas,Original Modelo Rex Nº 290,Terminado 1ra Instancia,,sin_antecedente_en_base_pas
221301222,25995,2022,Programas,Original Modelo Rex Nº 290,Terminado 1ra Instancia,,sin_antecedente_en_base_pas
211304435,9829,2022,Programas,Seguimiento Modelo con Enfoque de Derechos,Terminado 1ra Instancia,,sin_antecedente_en_base_pas
211304508,31283,2022,Programas,Seguimiento Modelo con Enfoque de Derechos,Terminado 1ra Instancia,,sin_antecedente_en_base_pas
211304366,26536,2022,Programas,Seguimiento Modelo con Enfoque de Derechos,Terminado 1ra Instancia,,sin_antecedente_en_base_pas
211304280,9767,2022,Programas,Seguimiento Modelo con Enfoque de Derechos,Terminado 1ra Instancia,,sin_antecedente_en_base_pas
211304419,9801,2022,Programas,Seguimiento Modelo con Enfoque de Derechos,Terminado 1ra Instancia,,sin_antecedente_en_base_pas
221300783,9801,2022,Denuncias,Seguimiento Establecimiento Educacional con R.O,Terminado 2da Instancia,,sin_antecedente_en_base_pas
211304439,25480,2022,Programas,Seguimiento Modelo con Enfoque de Derechos,Terminado 2da Instancia,,sin_antecedente_en_base_pas
211304404,9784,2022,Programas,Seguimiento Modelo con Enfoque de Derechos,Terminado 1ra Instancia,,sin_antecedente_en_base_pas
211305216,9784,2022,Denuncias,Seguimiento Establecimiento Educacional con R.O,Terminado 1ra Instancia,,sin_antecedente_en_base_pas
211305008,11997,2022,Denuncias,Original Establecimiento Educacional con R.O,Terminado 1ra Instancia,,sin_antecedente_en_base_pas
201302356,31030,2022,Denuncias,Original Establecimiento Educacional con R.O,Terminado 1ra Instancia,,sin_antecedente_en_base_pas
221301175,31030,2022,Denuncias,Seguimiento Establecimiento Educacional con R.O,Terminado 2da Instancia,,sin_antecedente_en_base_pas
211304904,9706,2022,Denuncias,Original Establecimiento Educacional con R.O,Terminado 1ra Instancia,,sin_antecedente_en_base_pas
221300199,9759,2022,Denuncias,Seguimiento Establecimiento Educacional con R.O,Terminado 2da Instancia,,sin_antecedente_en_base_pas
211305175,9811,2022,Programas,Original Modelo con Enfoque de Derechos,Terminado 2da Instancia,,sin_antecedente_en_base_pas
221300213,25727,2022,Denuncias,Seguimiento Establecimiento Educacional con R.O,Terminado 2da Instancia,,sin_antecedente_en_base_pas
221302053,25727,2022,Denuncias,Original Establecimiento Educacional con R.O,Terminado 1ra Instancia,,sin_antecedente_en_base_pas
221304216,9757,2023,Denuncias,Seguimiento Establecimiento Educacional con R.O,Terminado 1ra Instancia,,sin_antecedente_en_base_pas
231301258,9757,2023,Denuncias,Seguimiento Establecimiento Educacional con R.O,Terminado 1ra Instancia,,sin_antecedente_en_base_pas
231301958,9757,2023,Programas,Original Modelo Rex Nº 290,Terminado 2da Instancia,,sin_antecedente_en_base_pas
231301265,25995,2023,Denuncias,Original Establecimiento Educacional con R.O,Terminado 1ra Instancia,,sin_antecedente_en_base_pas
231300938,9808,2023,Denuncias,Seguimiento Establecimiento Educacional con R.O,Terminado 2da Instancia,,sin_antecedente_en_base_pas
231301766,9771,2023,Programas,Seguimiento Modelo con Enfoque de Derechos,Terminado 1ra Instancia,,sin_antecedente_en_base_pas
231302854,9829,2023,Denuncias,Seguimiento Establecimiento Educacional con R.O,Terminado 1ra Instancia,,sin_antecedente_en_base_pas
231302190,9809,2023,Programas,Original Modelo Rex Nº 290,Terminado 2da Instancia,,sin_antecedente_en_base_pas
231300544,9786,2023,Denuncias,Seguimiento Establecimiento Educacional con R.O,Terminado 2da Instancia,,sin_antecedente_en_base_pas
221300839,9804,2023,Denuncias,Original Establecimiento Educacional con R.O,Terminado 1ra Instancia,,sin_antecedente_en_base_pas
231300478,25265,2023,Denuncias,Seguimiento Establecimiento Educacional con R.O,Terminado 2da Instancia,,sin_antecedente_en_base_pas
231301476,25265,2023,Denuncias,Original Establecimiento Educacional con R.O,Proceso en la corte,,sin_antecedente_en_base_pas
231304118,25265,2023,Denuncias,Original Establecimiento Educacional con R.O,Pendiente 2da Instancia,,sin_antecedente_en_base_pas
231300592,9827,2023,Denuncias,Seguimiento Establecimiento Educacional con R.O,Terminado 1ra Instancia,,sin_antecedente_en_base_pas
231301837,9827,2023,Denuncias,Seguimiento Establecimiento Educacional con R.O,Terminado 1ra Instancia,,sin_antecedente_en_base_pas
231301976,9827,2023,Denuncias,Original Establecimiento Educacional con R.O,Terminado 1ra Instancia,,sin_antecedente_en_base_pas
231302639,25480,2023,Denuncias,Seguimiento Establecimiento Educacional con R.O,Terminado 1ra Instancia,,sin_antecedente_en_base_pas
221302979,31030,2023,Programas,Seguimiento Modelo con Enfoque de Derechos,Terminado 2da Instancia,,sin_antecedente_en_base_pas
231300737,31030,2023,Denuncias,Seguimiento Establecimiento Educacional con R.O,Terminado 1ra Instancia,,sin_antecedente_en_base_pas
231302054,31030,2023,Denuncias,Seguimiento Establecimiento Educacional con R.O,Terminado 2da Instancia,,sin_antecedente_en_base_pas
231302259,31030,2023,Denuncias,Original Establecimiento Educacional con R.O,Terminado 1ra Instancia,,sin_antecedente_en_base_pas
221302321,9706,2023,Programas,Seguimiento Modelo con Enfoque de Derechos,Terminado 1ra Instancia,,sin_antecedente_en_base_pas
221302322,9730,2023,Programas,Seguimiento Modelo con Enfoque de Derechos,Terminado 1ra Instancia,,sin_antecedente_en_base_pas
221302376,9703,2023,Programas,Seguimiento Modelo con Enfoque de Derechos,Terminado 2da Instancia,,sin_antecedente_en_base_pas
221302379,9722,2023,Programas,Seguimiento Modelo con Enfoque de Derechos,Terminado 1ra Instancia,,sin_antecedente_en_base_pas
221302389,9700,2023,Programas,Seguimiento Modelo con Enfoque de Derechos,Terminado 1ra Instancia,,sin_antecedente_en_base_pas
221302407,9699,2023,Programas,Seguimiento Modelo con Enfoque de Derechos,Terminado 2da Instancia,,sin_antecedente_en_base_pas
221302479,9722,2023,Programas,Seguimiento Modelo con Enfoque de Derechos,Terminado 1ra Instancia,,sin_antecedente_en_base_pas
221304238,9693,2023,Programas,Seguimiento Modelo con Enfoque de Derechos,Terminado 2da Instancia,,sin_antecedente_en_base_pas
231300353,9722,2023,Denuncias,Original Establecimiento Educacional con R.O,Terminado 1ra Instancia,,sin_antecedente_en_base_pas
231300636,9706,2023,Denuncias,Original Establecimiento Educacional con R.O,Terminado 2da Instancia,,sin_antecedente_en_base_pas
221302278,9758,2023,Denuncias,Original Establecimiento Educacional con R.O,Terminado 2da Instancia,,sin_antecedente_en_base_pas
221302049,9811,2023,Denuncias,Original Establecimiento Educacional con R.O,Terminado 2da Instancia,,sin_antecedente_en_base_pas
231300643,25727,2023,Denuncias,Original Establecimiento Educacional con R.O,Terminado 1ra Instancia,,sin_antecedente_en_base_pas
231301572,25727,2023,Denuncias,Original Establecimiento Educacional con R.O,Terminado 1ra Instancia,,sin_antecedente_en_base_pas
231301928,25727,2023,Denuncias,Original Establecimiento Educacional con R.O,Terminado 1ra Instancia,,sin_antecedente_en_base_pas
231302808,25727,2023,Denuncias,Seguimiento Establecimiento Educacional con R.O,Pendiente 2da Instancia,,sin_antecedente_en_base_pas
221303178,9499,2023,Denuncias,Seguimiento Establecimiento Educacional con R.O,Terminado 2da Instancia,,sin_antecedente_en_base_pas
231300337,9499,2023,Denuncias,Original Establecimiento Educacional con R.O,Terminado 1ra Instancia,,sin_antecedente_en_base_pas
241301077,9829,2024,Denuncias,Original Establecimiento Educacional con R.O,Terminado 1ra Instancia,,sin_antecedente_en_base_pas
241302731,9781,2024,Denuncias,Original Establecimiento Educacional con R.O,Terminado 1ra Instancia,,sin_antecedente_en_base_pas
241302221,31518,2024,Denuncias,Seguimiento Establecimiento Educacional con R.O,Pendiente 2da Instancia,,sin_antecedente_en_base_pas
231305436,9809,2024,Programas,Original Modelo con Enfoque de Derechos,Terminado 1ra Instancia,,sin_antecedente_en_base_pas
241301224,9788,2024,Denuncias,Seguimiento Establecimiento Educacional con R.O,Pendiente 2da Instancia,,sin_antecedente_en_base_pas
231305449,11980,2024,Denuncias,Seguimiento Establecimiento Educacional con R.O,Terminado 1ra Instancia,,sin_antecedente_en_base_pas
241300048,11980,2024,Programas,Original Modelo con Enfoque de Derechos,Terminado 1ra Instancia,,sin_antecedente_en_base_pas
231303801,25265,2024,Denuncias,Seguimiento Establecimiento Educacional con R.O,Pendiente 2da Instancia,,sin_antecedente_en_base_pas
231305303,25265,2024,Programas,Original Modelo Rex Nº 290,Pendiente 2da Instancia,,sin_antecedente_en_base_pas
231305306,25265,2024,Programas,Original Modelo Rex Nº 290,Terminado 1ra Instancia,,sin_antecedente_en_base_pas
241302874,25265,2024,Denuncias,Seguimiento Establecimiento Educacional con R.O,Terminado 1ra Instancia,,sin_antecedente_en_base_pas
241303073,25480,2024,Denuncias,Original Establecimiento Educacional con R.O,Pendiente 2da Instancia,,sin_antecedente_en_base_pas
241300098,9789,2024,Denuncias,Seguimiento Establecimiento Educacional con R.O,Terminado 1ra Instancia,,sin_antecedente_en_base_pas
231303986,9807,2024,Denuncias,Seguimiento Establecimiento Educacional con R.O,Pendiente 2da Instancia,,sin_antecedente_en_base_pas
231304167,9807,2024,Programas,Seguimiento Modelo con Enfoque de Derechos,Pendiente 2da Instancia,,sin_antecedente_en_base_pas
241300020,9807,2024,Denuncias,Seguimiento Establecimiento Educacional con R.O,Pendiente 2da Instancia,,sin_antecedente_en_base_pas
241302083,9807,2024,Denuncias,Seguimiento Establecimiento Educacional con R.O,Terminado 1ra Instancia,,sin_antecedente_en_base_pas
221300201,11997,2024,Denuncias,Seguimiento Establecimiento Educacional con R.O,Terminado 1ra Instancia,,sin_antecedente_en_base_pas
241300224,11997,2024,Programas,Original Modelo con Enfoque de Derechos,Pendiente 2da Instancia,,sin_antecedente_en_base_pas
241300340,31030,2024,Programas,Original Modelo con Enfoque de Derechos,Terminado 1ra Instancia,,sin_antecedente_en_base_pas
241302466,31030,2024,Denuncias,Seguimiento Establecimiento Educacional con R.O,Terminado 1ra Instancia,,sin_antecedente_en_base_pas
241300171,9700,2024,Denuncias,Seguimiento Establecimiento Educacional con R.O,Terminado 1ra Instancia,,sin_antecedente_en_base_pas
241301162,9730,2024,Denuncias,Seguimiento Establecimiento Educacional con R.O,Terminado 1ra Instancia,,sin_antecedente_en_base_pas
241301591,9706,2024,Denuncias,Seguimiento Establecimiento Educacional con R.O,Terminado 1ra Instancia,,sin_antecedente_en_base_pas
241300462,9759,2024,Programas,Original Modelo Rex Nº 290,Terminado 1ra Instancia,,sin_antecedente_en_base_pas
241300463,9759,2024,Programas,Original Modelo Rex Nº 290,Terminado 1ra Instancia,,sin_antecedente_en_base_pas
241301426,9758,2024,Denuncias,Seguimiento Establecimiento Educacional con R.O,Pendiente 2da Instancia,,sin_antecedente_en_base_pas
231304459,9754,2024,Denuncias,Seguimiento Establecimiento Educacional con R.O,Pendiente 2da Instancia,,sin_antecedente_en_base_pas
241301714,11918,2024,Denuncias,Seguimiento Establecimiento Educacional con R.O,Pendiente 2da Instancia,,sin_antecedente_en_base_pas
231304622,25727,2024,Denuncias,Original Establecimiento Educacional con R.O,Terminado 1ra Instancia,,sin_antecedente_en_base_pas
241302177,25727,2024,Denuncias,Seguimiento Establecimiento Educacional con R.O,Terminado 1ra Instancia,,sin_antecedente_en_base_pas
241300348,25995,2025,Programas,Original Modelo Rex Nº 290,Terminado 1ra Instancia,,sin_antecedente_en_base_pas
251300778,9808,2025,Denuncias,Seguimiento Establecimiento Educacional con R.O,Pendiente 2da Instancia,,sin_antecedente_en_base_pas
241302150,9797,2025,Programas,Original Modelo Rex Nº 290,Terminado 1ra Instancia,,sin_antecedente_en_base_pas
241304458,9788,2025,Denuncias,Seguimiento Establecimiento Educacional sin R.O,Pendiente 2da Instancia,,sin_antecedente_en_base_pas
241302297,9804,2025,Programas,Original Modelo Rex Nº 290,Terminado 1ra Instancia,,sin_antecedente_en_base_pas
251300097,9804,2025,Denuncias,Seguimiento Establecimiento Educacional con R.O,Pendiente 2da Instancia,,sin_antecedente_en_base_pas
241301851,25480,2025,Programas,Original Modelo Rex Nº 290,Pendiente 2da Instancia,,sin_antecedente_en_base_pas
241304150,31030,2025,Denuncias,Seguimiento Establecimiento Educacional con R.O,Terminado 1ra Instancia,,sin_antecedente_en_base_pas
251300467,31030,2025,Denuncias,Seguimiento Establecimiento Educacional con R.O,Terminado 1ra Instancia,,sin_antecedente_en_base_pas
241300586,9722,2025,Denuncias,Original Establecimiento Educacional con R.O,Terminado 1ra Instancia,,sin_antecedente_en_base_pas
241301243,9693,2025,Programas,Original Modelo Rex Nº 290,Terminado 1ra Instancia,,sin_antecedente_en_base_pas
241304083,9693,2025,Denuncias,Original Establecimiento Educacional con R.O,Pendiente 2da Instancia,,sin_antecedente_en_base_pas
241304447,9693,2025,Denuncias,Seguimiento Establecimiento Educacional con R.O,Terminado 1ra Instancia,,sin_antecedente_en_base_pas
241305885,9706,2025,Denuncias,Seguimiento Establecimiento Educacional con R.O,Terminado 1ra Instancia,,sin_antecedente_en_base_pas
241301978,9758,2025,Programas,Original Modelo Rex Nº 290,Terminado 1ra Instancia,,sin_antecedente_en_base_pas
241305009,9811,2025,Denuncias,Seguimiento Establecimiento Educacional con R.O,Pendiente 2da Instancia,,sin_antecedente_en_base_pas
241302232,25727,2025,Programas,Original Modelo Rex Nº 290,Terminado 1ra Instancia,,sin_antecedente_en_base_pas
241302237,25727,2025,Programas,Original Modelo Rex Nº 290,Terminado 1ra Instancia,,sin_antecedente_en_base_pas
241302414,25727,2025,Denuncias,Original Establecimiento Educacional con R.O,Terminado 1ra Instancia,,sin_antecedente_en_base_pas
