fila_excel,RBD,COD_DEPE,DIMENSION,ESTIM_TOTAL,ESTIM_SEP,NIV_IMPLEM,duplicado_exacto_adicional,total_mayor_1000_millones
72388,9693,2,Convivencia Escolar,4000000,4000000.0,Implementación completa: 100%,False,False
72389,9693,2,Convivencia Escolar,30000000,30000000.0,Implementación completa: 100%,False,False
72390,9693,2,Convivencia Escolar,20000000,15000000.0,Implementación completa: 100%,False,False
72391,9693,2,Gestión de Recursos,144000000,144000000.0,Implementación completa: 100%,False,False
72392,9693,2,Gestión de Recursos,90000000,90000000.0,Implementación completa: 100%,False,False
72393,9693,2,Gestión Pedagógica,97000000,97000000.0,Implementación completa: 100%,False,False
72394,9693,2,Gestión Pedagógica,1000000,1000000.0,Implementación inicial: 1% a 24%,False,False
72395,9693,2,Gestión Pedagógica,25500000,25500000.0,Implementación completa: 100%,False,False
72396,9693,2,Gestión Pedagógica,12400000,12400000.0,Implementación completa: 100%,False,False
72397,9693,2,Gestión Pedagógica,16000000,16000000.0,Implementación completa: 100%,False,False
72398,9693,2,Liderazgo,2000000,2000000.0,Implementación completa: 100%,False,False
72399,9693,2,Liderazgo,40500000,40500000.0,Implementación completa: 100%,False,False
72400,9693,2,Liderazgo,4000000,4000000.0,Implementación completa: 100%,False,False
72401,9693,2,Liderazgo,1000000,1000000.0,Implementación completa: 100%,False,False
72445,9699,2,Convivencia Escolar,0,0.0,Implementación completa: 100%,False,False
72446,9699,2,Convivencia Escolar,25000000,25000000.0,Implementación completa: 100%,False,False
72447,9699,2,Convivencia Escolar,3000000,3000000.0,Implementación avanzada: 75% a 99%,False,False
72448,9699,2,Convivencia Escolar,10000000,10000000.0,Implementación completa: 100%,False,False
72449,9699,2,Convivencia Escolar,2000000,2000000.0,Implementación completa: 100%,False,False
72450,9699,2,Gestión de Recursos,9500000,9500000.0,Implementación completa: 100%,False,False
72451,9699,2,Gestión de Recursos,117000000,117000000.0,Implementación completa: 100%,False,False
72452,9699,2,Gestión Pedagógica,3000000,3000000.0,Implementación completa: 100%,False,False
72453,9699,2,Gestión Pedagógica,2000000,2000000.0,Implementación avanzada: 75% a 99%,False,False
72454,9699,2,Gestión Pedagógica,1500000,1500000.0,Implementación completa: 100%,False,False
72455,9699,2,Gestión Pedagógica,6000000,6000000.0,Implementación completa: 100%,False,False
72456,9699,2,Gestión Pedagógica,5000000,5000000.0,Implementación completa: 100%,False,False
72457,9699,2,Gestión Pedagógica,10000000,10000000.0,Implementación completa: 100%,False,False
72458,9699,2,Gestión Pedagógica,25000000,25000000.0,Implementación completa: 100%,False,False
72459,9699,2,Liderazgo,5000000,5000000.0,Implementación completa: 100%,False,False
72460,9699,2,Liderazgo,0,0.0,Implementación completa: 100%,False,False
72461,9699,2,Liderazgo,0,0.0,Implementación completa: 100%,False,False
72462,9699,2,Liderazgo,0,0.0,Implementación completa: 100%,False,False
72463,9700,2,Convivencia Escolar,3500000,3500000.0,Implementación completa: 100%,False,False
72464,9700,2,Convivencia Escolar,0,0.0,Implementación avanzada: 75% a 99%,False,False
72465,9700,2,Convivencia Escolar,3000000,3000000.0,Implementación avanzada: 75% a 99%,False,False
72466,9700,2,Convivencia Escolar,6500000,6500000.0,Implementación avanzada: 75% a 99%,False,False
72467,9700,2,Gestión de Recursos,4000000,4000000.0,Implementación adecuada: 50% a 74%,False,False
72468,9700,2,Gestión de Recursos,56343885,56343885.0,Implementación completa: 100%,False,False
72469,9700,2,Gestión Pedagógica,24430000,24430000.0,Implementación avanzada: 75% a 99%,False,False
72470,9700,2,Gestión Pedagógica,4500000,4500000.0,Implementación adecuada: 50% a 74%,False,False
72471,9700,2,Gestión Pedagógica,3000000,3000000.0,Implementación avanzada: 75% a 99%,False,False
72472,9700,2,Gestión Pedagógica,4500000,4500000.0,Implementación avanzada: 75% a 99%,False,False
72473,9700,2,Liderazgo,17150000,15500000.0,Implementación completa: 100%,False,False
72474,9700,2,Liderazgo,9512111,9512111.0,Implementación avanzada: 75% a 99%,False,False
72475,9701,2,Convivencia Escolar,3000000,3000000.0,Implementación completa: 100%,False,False
72476,9701,2,Convivencia Escolar,3000000,3000000.0,Implementación completa: 100%,False,False
72477,9701,2,Convivencia Escolar,2000000,2000000.0,Implementación completa: 100%,False,False
72478,9701,2,Convivencia Escolar,2000000,2000000.0,Implementación completa: 100%,False,False
72479,9701,2,Convivencia Escolar,3000000,3000000.0,Implementación completa: 100%,False,False
72480,9701,2,Gestión de Recursos,0,0.0,Implementación completa: 100%,False,False
72481,9701,2,Gestión de Recursos,44000000,44000000.0,Implementación completa: 100%,False,False
72482,9701,2,Gestión de Recursos,2000000,2000000.0,Implementación completa: 100%,False,False
72483,9701,2,Gestión de Recursos,122000000,122000000.0,Implementación completa: 100%,False,False
72484,9701,2,Gestión Pedagógica,0,0.0,Implementación completa: 100%,False,False
72485,9701,2,Gestión Pedagógica,3000000,3000000.0,Implementación completa: 100%,False,False
72486,9701,2,Gestión Pedagógica,0,0.0,Implementación completa: 100%,False,False
72487,9701,2,Gestión Pedagógica,2594000,2594000.0,Implementación completa: 100%,False,False
72488,9701,2,Liderazgo,16200000,16200000.0,Implementación completa: 100%,False,False
72489,9701,2,Liderazgo,0,0.0,Implementación completa: 100%,False,False
72490,9701,2,Liderazgo,11000000,11000000.0,Implementación completa: 100%,False,False
72491,9701,2,Liderazgo,0,0.0,Implementación completa: 100%,False,False
72505,9703,2,Convivencia Escolar,0,0.0,Implementación completa: 100%,False,False
72506,9703,2,Convivencia Escolar,1500000,1500000.0,Implementación parcial: 25% a 49%,False,False
72507,9703,2,Convivencia Escolar,13000000,13000000.0,Implementación completa: 100%,False,False
72508,9703,2,Convivencia Escolar,24000000,24000000.0,Implementación completa: 100%,False,False
72509,9703,2,Convivencia Escolar,14000000,14000000.0,Implementación completa: 100%,False,False
72510,9703,2,Gestión de Recursos,18000000,18000000.0,Implementación completa: 100%,False,False
72511,9703,2,Gestión de Recursos,30000000,30000000.0,Implementación completa: 100%,False,False
72512,9703,2,Gestión de Recursos,13229000,13229000.0,Implementación completa: 100%,False,False
72513,9703,2,Gestión Pedagógica,0,0.0,Implementación completa: 100%,False,False
72514,9703,2,Gestión Pedagógica,1000000,1000000.0,Implementación completa: 100%,False,False
72515,9703,2,Gestión Pedagógica,45000000,45000000.0,Implementación completa: 100%,False,False
72516,9703,2,Gestión Pedagógica,1000000,1000000.0,Implementación completa: 100%,False,False
72517,9703,2,Gestión Pedagógica,8000000,8000000.0,Implementación completa: 100%,False,False
72518,9703,2,Gestión Pedagógica,0,0.0,Implementación completa: 100%,False,False
72519,9703,2,Gestión Pedagógica,0,0.0,Implementación completa: 100%,False,False
72520,9703,2,Liderazgo,0,0.0,Implementación completa: 100%,False,False
72521,9703,2,Liderazgo,0,0.0,Implementación completa: 100%,False,False
72522,9703,2,Liderazgo,0,0.0,Implementación adecuada: 50% a 74%,False,False
72523,9703,2,Liderazgo,0,0.0,Implementación completa: 100%,False,False
72548,9706,2,Convivencia Escolar,0,0.0,Implementación avanzada: 75% a 99%,False,False
72549,9706,2,Convivencia Escolar,0,0.0,Implementación avanzada: 75% a 99%,False,False
72550,9706,2,Gestión de Recursos,65000000,65000000.0,Implementación avanzada: 75% a 99%,False,False
72551,9706,2,Gestión de Recursos,0,0.0,Implementación avanzada: 75% a 99%,False,False
72552,9706,2,Gestión Pedagógica,0,0.0,Implementación avanzada: 75% a 99%,False,False
72553,9706,2,Gestión Pedagógica,0,0.0,Implementación avanzada: 75% a 99%,False,False
72554,9706,2,Gestión Pedagógica,0,0.0,Implementación avanzada: 75% a 99%,False,False
72555,9706,2,Gestión Pedagógica,0,0.0,Implementación avanzada: 75% a 99%,False,False
72556,9706,2,Gestión Pedagógica,0,0.0,Implementación avanzada: 75% a 99%,False,False
72557,9706,2,Liderazgo,0,0.0,Implementación avanzada: 75% a 99%,False,False
72558,9706,2,Liderazgo,0,0.0,Implementación avanzada: 75% a 99%,False,False
72559,9706,2,Liderazgo,0,0.0,Implementación avanzada: 75% a 99%,False,False
72560,9706,2,Liderazgo,0,0.0,Implementación avanzada: 75% a 99%,False,False
72723,9722,2,Convivencia Escolar,0,0.0,Implementación adecuada: 50% a 74%,False,False
72724,9722,2,Convivencia Escolar,0,0.0,Implementación avanzada: 75% a 99%,False,False
72725,9722,2,Convivencia Escolar,0,0.0,Implementación parcial: 25% a 49%,False,False
72726,9722,2,Convivencia Escolar,800000,800000.0,Implementación parcial: 25% a 49%,False,False
72727,9722,2,Gestión de Recursos,5000000,5000000.0,Implementación avanzada: 75% a 99%,False,False
72728,9722,2,Gestión de Recursos,21000000,21000000.0,Implementación completa: 100%,False,False
72729,9722,2,Gestión de Recursos,8000000,8000000.0,Implementación avanzada: 75% a 99%,False,False
72730,9722,2,Gestión de Recursos,0,0.0,Implementación no efectuada: 0%,False,False
72731,9722,2,Gestión de Recursos,70000000,70000000.0,Implementación avanzada: 75% a 99%,False,False
72732,9722,2,Gestión de Recursos,2500000,2500000.0,Implementación completa: 100%,False,False
72733,9722,2,Gestión Pedagógica,5000000,5000000.0,Implementación inicial: 1% a 24%,False,False
72734,9722,2,Gestión Pedagógica,1000000,1000000.0,Implementación adecuada: 50% a 74%,False,False
72735,9722,2,Gestión Pedagógica,0,0.0,Implementación adecuada: 50% a 74%,False,False
72736,9722,2,Gestión Pedagógica,8000000,8000000.0,Implementación inicial: 1% a 24%,False,False
72737,9722,2,Gestión Pedagógica,2500000,2500000.0,Implementación inicial: 1% a 24%,False,False
72738,9722,2,Liderazgo,0,0.0,Implementación avanzada: 75% a 99%,False,False
72739,9722,2,Liderazgo,0,0.0,Implementación avanzada: 75% a 99%,False,False
72740,9722,2,Liderazgo,0,0.0,Implementación avanzada: 75% a 99%,False,False
72741,9722,2,Liderazgo,0,0.0,Implementación adecuada: 50% a 74%,False,False
72742,9722,2,Liderazgo,0,0.0,Implementación avanzada: 75% a 99%,False,False
72803,9730,2,Convivencia Escolar,0,0.0,Implementación avanzada: 75% a 99%,False,False
72804,9730,2,Convivencia Escolar,0,0.0,Implementación completa: 100%,False,False
72805,9730,2,Convivencia Escolar,3000000,3000000.0,Implementación avanzada: 75% a 99%,False,False
72806,9730,2,Convivencia Escolar,0,0.0,Implementación avanzada: 75% a 99%,False,False
72807,9730,2,Convivencia Escolar,0,0.0,Implementación avanzada: 75% a 99%,False,False
72808,9730,2,Gestión de Recursos,100000000,100000000.0,Implementación adecuada: 50% a 74%,False,False
72809,9730,2,Gestión de Recursos,16200000,16200000.0,Implementación completa: 100%,False,False
72810,9730,2,Gestión de Recursos,0,0.0,Implementación inicial: 1% a 24%,False,False
72811,9730,2,Gestión de Recursos,16300000,16300000.0,Implementación adecuada: 50% a 74%,False,False
72812,9730,2,Gestión de Recursos,12324000,12324000.0,Implementación inicial: 1% a 24%,False,False
72813,9730,2,Gestión de Recursos,0,0.0,Implementación adecuada: 50% a 74%,False,False
72814,9730,2,Gestión Pedagógica,0,0.0,Implementación avanzada: 75% a 99%,False,False
72815,9730,2,Gestión Pedagógica,0,0.0,Implementación completa: 100%,False,False
72816,9730,2,Gestión Pedagógica,9000000,9000000.0,Implementación completa: 100%,False,False
72817,9730,2,Gestión Pedagógica,0,0.0,Implementación completa: 100%,False,False
72818,9730,2,Gestión Pedagógica,0,0.0,Implementación parcial: 25% a 49%,False,False
72819,9730,2,Gestión Pedagógica,0,0.0,Implementación inicial: 1% a 24%,False,False
72820,9730,2,Liderazgo,0,0.0,Implementación completa: 100%,False,False
72821,9730,2,Liderazgo,0,0.0,Implementación avanzada: 75% a 99%,False,False
72822,9730,2,Liderazgo,0,0.0,Implementación adecuada: 50% a 74%,False,False
72823,9730,2,Liderazgo,0,0.0,Implementación avanzada: 75% a 99%,False,False
