fila_excel,RBD,COD_DEPE,DIMENSION,ESTIM_TOTAL,ESTIM_SEP,NIV_IMPLEM,duplicado_exacto_adicional,total_mayor_1000_millones
70552,9499,3,Convivencia Escolar,0,0.0,Implementación completa: 100%,False,False
70553,9499,3,Convivencia Escolar,0,0.0,Implementación adecuada: 50% a 74%,False,False
70554,9499,3,Convivencia Escolar,0,0.0,Implementación avanzada: 75% a 99%,False,False
70555,9499,3,Convivencia Escolar,0,0.0,Implementación adecuada: 50% a 74%,False,False
70556,9499,3,Convivencia Escolar,0,0.0,Implementación completa: 100%,False,False
70557,9499,3,Gestión de Recursos,0,0.0,Implementación completa: 100%,False,False
70558,9499,3,Gestión de Recursos,0,0.0,Implementación completa: 100%,False,False
70559,9499,3,Gestión de Recursos,0,0.0,Implementación completa: 100%,False,False
70560,9499,3,Gestión Pedagógica,0,0.0,Implementación completa: 100%,False,False
70561,9499,3,Gestión Pedagógica,0,0.0,Implementación completa: 100%,False,False
70562,9499,3,Gestión Pedagógica,0,0.0,Implementación completa: 100%,False,False
70563,9499,3,Gestión Pedagógica,0,0.0,Implementación completa: 100%,False,False
70564,9499,3,Gestión Pedagógica,0,0.0,Implementación completa: 100%,False,False
70565,9499,3,Gestión Pedagógica,0,0.0,Implementación completa: 100%,False,False
70566,9499,3,Gestión Pedagógica,0,0.0,Implementación completa: 100%,False,False
70567,9499,3,Gestión Pedagógica,0,0.0,Implementación adecuada: 50% a 74%,False,False
70568,9499,3,Liderazgo,0,0.0,Implementación avanzada: 75% a 99%,False,False
70569,9499,3,Liderazgo,0,0.0,Implementación completa: 100%,False,False
72388,9693,2,Convivencia Escolar,4000000,4000000.0,Implementación completa: 100%,False,False
72389,9693,2,Convivencia Escolar,30000000,30000000.0,Implementación completa: 100%,False,False
72390,9693,2,Convivencia Escolar,20000000,15000000.0,Implementación completa: 100%,False,False
72391,9693,2,Gestión de Recursos,144000000,144000000.0,Implementación completa: 100%,False,False
72392,9693,2,Gestión de Recursos,90000000,90000000.0,Implementación completa: 100%,False,False
72393,9693,2,Gestión Pedagógica,97000000,97000000.0,Implementación completa: 100%,False,False
72394,9693,2,Gestión Pedagógica,1000000,1000000.0,Implementación inicial: 1% a 24%,False,False
72395,9693,2,Gestión Pedagógica,25500000,25500000.0,Implementación completa: 100%,False,False
72396,9693,2,Gestión Pedagógica,12400000,12400000.0,Implementación completa: 100%,False,False
72397,9693,2,Gestión Pedagógica,16000000,16000000.0,Implementación completa: 100%,False,False
72398,9693,2,Liderazgo,2000000,2000000.0,Implementación completa: 100%,False,False
72399,9693,2,Liderazgo,40500000,40500000.0,Implementación completa: 100%,False,False
72400,9693,2,Liderazgo,4000000,4000000.0,Implementación completa: 100%,False,False
72401,9693,2,Liderazgo,1000000,1000000.0,Implementación completa: 100%,False,False
72445,9699,2,Convivencia Escolar,0,0.0,Implementación completa: 100%,False,False
72446,9699,2,Convivencia Escolar,25000000,25000000.0,Implementación completa: 100%,False,False
72447,9699,2,Convivencia Escolar,3000000,3000000.0,Implementación avanzada: 75% a 99%,False,False
72448,9699,2,Convivencia Escolar,10000000,10000000.0,Implementación completa: 100%,False,False
72449,9699,2,Convivencia Escolar,2000000,2000000.0,Implementación completa: 100%,False,False
72450,9699,2,Gestión de Recursos,9500000,9500000.0,Implementación completa: 100%,False,False
72451,9699,2,Gestión de Recursos,117000000,117000000.0,Implementación completa: 100%,False,False
72452,9699,2,Gestión Pedagógica,3000000,3000000.0,Implementación completa: 100%,False,False
72453,9699,2,Gestión Pedagógica,2000000,2000000.0,Implementación avanzada: 75% a 99%,False,False
72454,9699,2,Gestión Pedagógica,1500000,1500000.0,Implementación completa: 100%,False,False
72455,9699,2,Gestión Pedagógica,6000000,6000000.0,Implementación completa: 100%,False,False
72456,9699,2,Gestión Pedagógica,5000000,5000000.0,Implementación completa: 100%,False,False
72457,9699,2,Gestión Pedagógica,10000000,10000000.0,Implementación completa: 100%,False,False
72458,9699,2,Gestión Pedagógica,25000000,25000000.0,Implementación completa: 100%,False,False
72459,9699,2,Liderazgo,5000000,5000000.0,Implementación completa: 100%,False,False
72460,9699,2,Liderazgo,0,0.0,Implementación completa: 100%,False,False
72461,9699,2,Liderazgo,0,0.0,Implementación completa: 100%,False,False
72462,9699,2,Liderazgo,0,0.0,Implementación completa: 100%,False,False
72463,9700,2,Convivencia Escolar,3500000,3500000.0,Implementación completa: 100%,False,False
72464,9700,2,Convivencia Escolar,0,0.0,Implementación avanzada: 75% a 99%,False,False
72465,9700,2,Convivencia Escolar,3000000,3000000.0,Implementación avanzada: 75% a 99%,False,False
72466,9700,2,Convivencia Escolar,6500000,6500000.0,Implementación avanzada: 75% a 99%,False,False
72467,9700,2,Gestión de Recursos,4000000,4000000.0,Implementación adecuada: 50% a 74%,False,False
72468,9700,2,Gestión de Recursos,56343885,56343885.0,Implementación completa: 100%,False,False
72469,9700,2,Gestión Pedagógica,24430000,24430000.0,Implementación avanzada: 75% a 99%,False,False
72470,9700,2,Gestión Pedagógica,4500000,4500000.0,Implementación adecuada: 50% a 74%,False,False
72471,9700,2,Gestión Pedagógica,3000000,3000000.0,Implementación avanzada: 75% a 99%,False,False
72472,9700,2,Gestión Pedagógica,4500000,4500000.0,Implementación avanzada: 75% a 99%,False,False
72473,9700,2,Liderazgo,17150000,15500000.0,Implementación completa: 100%,False,False
72474,9700,2,Liderazgo,9512111,9512111.0,Implementación avanzada: 75% a 99%,False,False
72475,9701,2,Convivencia Escolar,3000000,3000000.0,Implementación completa: 100%,False,False
72476,9701,2,Convivencia Escolar,3000000,3000000.0,Implementación completa: 100%,False,False
72477,9701,2,Convivencia Escolar,2000000,2000000.0,Implementación completa: 100%,False,False
72478,9701,2,Convivencia Escolar,2000000,2000000.0,Implementación completa: 100%,False,False
72479,9701,2,Convivencia Escolar,3000000,3000000.0,Implementación completa: 100%,False,False
72480,9701,2,Gestión de Recursos,0,0.0,Implementación completa: 100%,False,False
72481,9701,2,Gestión de Recursos,44000000,44000000.0,Implementación completa: 100%,False,False
72482,9701,2,Gestión de Recursos,2000000,2000000.0,Implementación completa: 100%,False,False
72483,9701,2,Gestión de Recursos,122000000,122000000.0,Implementación completa: 100%,False,False
72484,9701,2,Gestión Pedagógica,0,0.0,Implementación completa: 100%,False,False
72485,9701,2,Gestión Pedagógica,3000000,3000000.0,Implementación completa: 100%,False,False
72486,9701,2,Gestión Pedagógica,0,0.0,Implementación completa: 100%,False,False
72487,9701,2,Gestión Pedagógica,2594000,2594000.0,Implementación completa: 100%,False,False
72488,9701,2,Liderazgo,16200000,16200000.0,Implementación completa: 100%,False,False
72489,9701,2,Liderazgo,0,0.0,Implementación completa: 100%,False,False
72490,9701,2,Liderazgo,11000000,11000000.0,Implementación completa: 100%,False,False
72491,9701,2,Liderazgo,0,0.0,Implementación completa: 100%,False,False
72505,9703,2,Convivencia Escolar,0,0.0,Implementación completa: 100%,False,False
72506,9703,2,Convivencia Escolar,1500000,1500000.0,Implementación parcial: 25% a 49%,False,False
72507,9703,2,Convivencia Escolar,13000000,13000000.0,Implementación completa: 100%,False,False
72508,9703,2,Convivencia Escolar,24000000,24000000.0,Implementación completa: 100%,False,False
72509,9703,2,Convivencia Escolar,14000000,14000000.0,Implementación completa: 100%,False,False
72510,9703,2,Gestión de Recursos,18000000,18000000.0,Implementación completa: 100%,False,False
72511,9703,2,Gestión de Recursos,30000000,30000000.0,Implementación completa: 100%,False,False
72512,9703,2,Gestión de Recursos,13229000,13229000.0,Implementación completa: 100%,False,False
72513,9703,2,Gestión Pedagógica,0,0.0,Implementación completa: 100%,False,False
72514,9703,2,Gestión Pedagógica,1000000,1000000.0,Implementación completa: 100%,False,False
72515,9703,2,Gestión Pedagógica,45000000,45000000.0,Implementación completa: 100%,False,False
72516,9703,2,Gestión Pedagógica,1000000,1000000.0,Implementación completa: 100%,False,False
72517,9703,2,Gestión Pedagógica,8000000,8000000.0,Implementación completa: 100%,False,False
72518,9703,2,Gestión Pedagógica,0,0.0,Implementación completa: 100%,False,False
72519,9703,2,Gestión Pedagógica,0,0.0,Implementación completa: 100%,False,False
72520,9703,2,Liderazgo,0,0.0,Implementación completa: 100%,False,False
72521,9703,2,Liderazgo,0,0.0,Implementación completa: 100%,False,False
72522,9703,2,Liderazgo,0,0.0,Implementación adecuada: 50% a 74%,False,False
72523,9703,2,Liderazgo,0,0.0,Implementación completa: 100%,False,False
72548,9706,2,Convivencia Escolar,0,0.0,Implementación avanzada: 75% a 99%,False,False
72549,9706,2,Convivencia Escolar,0,0.0,Implementación avanzada: 75% a 99%,False,False
72550,9706,2,Gestión de Recursos,65000000,65000000.0,Implementación avanzada: 75% a 99%,False,False
72551,9706,2,Gestión de Recursos,0,0.0,Implementación avanzada: 75% a 99%,False,False
72552,9706,2,Gestión Pedagógica,0,0.0,Implementación avanzada: 75% a 99%,False,False
72553,9706,2,Gestión Pedagógica,0,0.0,Implementación avanzada: 75% a 99%,False,False
72554,9706,2,Gestión Pedagógica,0,0.0,Implementación avanzada: 75% a 99%,False,False
72555,9706,2,Gestión Pedagógica,0,0.0,Implementación avanzada: 75% a 99%,False,False
72556,9706,2,Gestión Pedagógica,0,0.0,Implementación avanzada: 75% a 99%,False,False
72557,9706,2,Liderazgo,0,0.0,Implementación avanzada: 75% a 99%,False,False
72558,9706,2,Liderazgo,0,0.0,Implementación avanzada: 75% a 99%,False,False
72559,9706,2,Liderazgo,0,0.0,Implementación avanzada: 75% a 99%,False,False
72560,9706,2,Liderazgo,0,0.0,Implementación avanzada: 75% a 99%,False,False
72723,9722,2,Convivencia Escolar,0,0.0,Implementación adecuada: 50% a 74%,False,False
72724,9722,2,Convivencia Escolar,0,0.0,Implementación avanzada: 75% a 99%,False,False
72725,9722,2,Convivencia Escolar,0,0.0,Implementación parcial: 25% a 49%,False,False
72726,9722,2,Convivencia Escolar,800000,800000.0,Implementación parcial: 25% a 49%,False,False
72727,9722,2,Gestión de Recursos,5000000,5000000.0,Implementación avanzada: 75% a 99%,False,False
72728,9722,2,Gestión de Recursos,21000000,21000000.0,Implementación completa: 100%,False,False
72729,9722,2,Gestión de Recursos,8000000,8000000.0,Implementación avanzada: 75% a 99%,False,False
72730,9722,2,Gestión de Recursos,0,0.0,Implementación no efectuada: 0%,False,False
72731,9722,2,Gestión de Recursos,70000000,70000000.0,Implementación avanzada: 75% a 99%,False,False
72732,9722,2,Gestión de Recursos,2500000,2500000.0,Implementación completa: 100%,False,False
72733,9722,2,Gestión Pedagógica,5000000,5000000.0,Implementación inicial: 1% a 24%,False,False
72734,9722,2,Gestión Pedagógica,1000000,1000000.0,Implementación adecuada: 50% a 74%,False,False
72735,9722,2,Gestión Pedagógica,0,0.0,Implementación adecuada: 50% a 74%,False,False
72736,9722,2,Gestión Pedagógica,8000000,8000000.0,Implementación inicial: 1% a 24%,False,False
72737,9722,2,Gestión Pedagógica,2500000,2500000.0,Implementación inicial: 1% a 24%,False,False
72738,9722,2,Liderazgo,0,0.0,Implementación avanzada: 75% a 99%,False,False
72739,9722,2,Liderazgo,0,0.0,Implementación avanzada: 75% a 99%,False,False
72740,9722,2,Liderazgo,0,0.0,Implementación avanzada: 75% a 99%,False,False
72741,9722,2,Liderazgo,0,0.0,Implementación adecuada: 50% a 74%,False,False
72742,9722,2,Liderazgo,0,0.0,Implementación avanzada: 75% a 99%,False,False
72803,9730,2,Convivencia Escolar,0,0.0,Implementación avanzada: 75% a 99%,False,False
72804,9730,2,Convivencia Escolar,0,0.0,Implementación completa: 100%,False,False
72805,9730,2,Convivencia Escolar,3000000,3000000.0,Implementación avanzada: 75% a 99%,False,False
72806,9730,2,Convivencia Escolar,0,0.0,Implementación avanzada: 75% a 99%,False,False
72807,9730,2,Convivencia Escolar,0,0.0,Implementación avanzada: 75% a 99%,False,False
72808,9730,2,Gestión de Recursos,100000000,100000000.0,Implementación adecuada: 50% a 74%,False,False
72809,9730,2,Gestión de Recursos,16200000,16200000.0,Implementación completa: 100%,False,False
72810,9730,2,Gestión de Recursos,0,0.0,Implementación inicial: 1% a 24%,False,False
72811,9730,2,Gestión de Recursos,16300000,16300000.0,Implementación adecuada: 50% a 74%,False,False
72812,9730,2,Gestión de Recursos,12324000,12324000.0,Implementación inicial: 1% a 24%,False,False
72813,9730,2,Gestión de Recursos,0,0.0,Implementación adecuada: 50% a 74%,False,False
72814,9730,2,Gestión Pedagógica,0,0.0,Implementación avanzada: 75% a 99%,False,False
72815,9730,2,Gestión Pedagógica,0,0.0,Implementación completa: 100%,False,False
72816,9730,2,Gestión Pedagógica,9000000,9000000.0,Implementación completa: 100%,False,False
72817,9730,2,Gestión Pedagógica,0,0.0,Implementación completa: 100%,False,False
72818,9730,2,Gestión Pedagógica,0,0.0,Implementación parcial: 25% a 49%,False,False
72819,9730,2,Gestión Pedagógica,0,0.0,Implementación inicial: 1% a 24%,False,False
72820,9730,2,Liderazgo,0,0.0,Implementación completa: 100%,False,False
72821,9730,2,Liderazgo,0,0.0,Implementación avanzada: 75% a 99%,False,False
72822,9730,2,Liderazgo,0,0.0,Implementación adecuada: 50% a 74%,False,False
72823,9730,2,Liderazgo,0,0.0,Implementación avanzada: 75% a 99%,False,False
72971,9754,3,Convivencia Escolar,5000000,5000000.0,Implementación avanzada: 75% a 99%,False,False
72972,9754,3,Convivencia Escolar,200000,200000.0,Implementación completa: 100%,False,False
72973,9754,3,Convivencia Escolar,200000,200000.0,Implementación avanzada: 75% a 99%,False,False
72974,9754,3,Convivencia Escolar,200000,200000.0,Implementación parcial: 25% a 49%,False,False
72975,9754,3,Convivencia Escolar,600000,600000.0,Implementación completa: 100%,False,False
72976,9754,3,Convivencia Escolar,500000,500000.0,Implementación avanzada: 75% a 99%,False,False
72977,9754,3,Gestión de Recursos,56000000,56000000.0,Implementación avanzada: 75% a 99%,False,False
72978,9754,3,Gestión de Recursos,27000000,27000000.0,Implementación completa: 100%,False,False
72979,9754,3,Gestión Pedagógica,600000,600000.0,Implementación avanzada: 75% a 99%,False,False
72980,9754,3,Gestión Pedagógica,1000000,500000.0,Implementación completa: 100%,False,False
72981,9754,3,Gestión Pedagógica,600000,600000.0,Implementación completa: 100%,False,False
72982,9754,3,Gestión Pedagógica,1000000,1000000.0,Implementación avanzada: 75% a 99%,False,False
72983,9754,3,Liderazgo,200000,200000.0,Implementación completa: 100%,False,False
72984,9754,3,Liderazgo,22000000,22000000.0,Implementación avanzada: 75% a 99%,False,False
72985,9757,3,Convivencia Escolar,13500000,13500000.0,Implementación completa: 100%,False,False
72986,9757,3,Convivencia Escolar,6000000,6000000.0,Implementación completa: 100%,False,False
72987,9757,3,Convivencia Escolar,17500000,17500000.0,Implementación completa: 100%,False,False
72988,9757,3,Convivencia Escolar,9000000,9000000.0,Implementación completa: 100%,False,False
72989,9757,3,Convivencia Escolar,31500000,31500000.0,Implementación completa: 100%,False,False
72990,9757,3,Convivencia Escolar,4500000,4500000.0,Implementación completa: 100%,False,False
72991,9757,3,Gestión de Recursos,70000000,70000000.0,Implementación completa: 100%,False,False
72992,9757,3,Gestión de Recursos,10000000,10000000.0,Implementación completa: 100%,False,False
72993,9757,3,Gestión de Recursos,63000000,63000000.0,Implementación completa: 100%,False,False
72994,9757,3,Gestión de Recursos,2500000,2500000.0,Implementación completa: 100%,False,False
72995,9757,3,Gestión de Recursos,15000000,15000000.0,Implementación completa: 100%,False,False
72996,9757,3,Gestión de Recursos,15500000,15500000.0,Implementación completa: 100%,False,False
72997,9757,3,Gestión Pedagógica,25000000,25000000.0,Implementación completa: 100%,False,False
72998,9757,3,Gestión Pedagógica,2000000,2000000.0,Implementación completa: 100%,False,False
72999,9757,3,Gestión Pedagógica,2000000,2000000.0,Implementación avanzada: 75% a 99%,False,False
73000,9757,3,Gestión Pedagógica,38000000,38000000.0,Implementación completa: 100%,False,False
73001,9757,3,Liderazgo,29500000,29500000.0,Implementación completa: 100%,False,False
73002,9757,3,Liderazgo,10000000,10000000.0,Implementación completa: 100%,False,False
73003,9757,3,Liderazgo,10000000,10000000.0,Implementación completa: 100%,False,False
73004,9757,3,Liderazgo,12700000,12700000.0,Implementación completa: 100%,False,False
73005,9757,3,Liderazgo,43000000,43000000.0,Implementación completa: 100%,False,False
73006,9758,3,Convivencia Escolar,15000000,15000000.0,Implementación completa: 100%,False,False
73007,9758,3,Convivencia Escolar,25000000,25000000.0,Implementación avanzada: 75% a 99%,False,False
73008,9758,3,Convivencia Escolar,15000000,15000000.0,Implementación completa: 100%,False,False
73009,9758,3,Convivencia Escolar,50000000,50000000.0,Implementación completa: 100%,False,False
73010,9758,3,Convivencia Escolar,15000000,15000000.0,Implementación avanzada: 75% a 99%,False,False
73011,9758,3,Gestión de Recursos,5000000,5000000.0,Implementación completa: 100%,False,False
73012,9758,3,Gestión de Recursos,70000000,70000000.0,Implementación completa: 100%,False,False
73013,9758,3,Gestión de Recursos,25000000,25000000.0,Implementación avanzada: 75% a 99%,False,False
73014,9758,3,Gestión de Recursos,15000000,15000000.0,Implementación completa: 100%,False,False
73015,9758,3,Gestión de Recursos,50000000,50000000.0,Implementación completa: 100%,False,False
73016,9758,3,Gestión Pedagógica,15000000,15000000.0,Implementación completa: 100%,False,False
73017,9758,3,Gestión Pedagógica,35000000,0.0,Implementación completa: 100%,False,False
73018,9758,3,Gestión Pedagógica,1000000,1000000.0,Implementación completa: 100%,False,False
73019,9758,3,Gestión Pedagógica,20000000,20000000.0,Implementación completa: 100%,False,False
73020,9758,3,Gestión Pedagógica,25000000,25000000.0,Implementación completa: 100%,False,False
73021,9758,3,Gestión Pedagógica,35000000,35000000.0,Implementación completa: 100%,False,False
73022,9758,3,Gestión Pedagógica,25000000,25000000.0,Implementación completa: 100%,False,False
73023,9758,3,Liderazgo,500000,500000.0,Implementación completa: 100%,False,False
73024,9758,3,Liderazgo,7000000,7000000.0,Implementación completa: 100%,False,False
73025,9758,3,Liderazgo,20000000,20000000.0,Implementación avanzada: 75% a 99%,False,False
73026,9759,3,Convivencia Escolar,3000000,3000000.0,Implementación completa: 100%,False,False
73027,9759,3,Convivencia Escolar,12000000,12000000.0,Implementación completa: 100%,False,False
73028,9759,3,Convivencia Escolar,3000000,3000000.0,Implementación completa: 100%,False,False
73029,9759,3,Convivencia Escolar,25000000,25000000.0,Implementación completa: 100%,False,False
73030,9759,3,Gestión de Recursos,20000000,20000000.0,Implementación completa: 100%,False,False
73031,9759,3,Gestión de Recursos,79000000,79000000.0,Implementación completa: 100%,False,False
73032,9759,3,Gestión Pedagógica,10000000,10000000.0,Implementación completa: 100%,False,False
73033,9759,3,Gestión Pedagógica,6000000,6000000.0,Implementación completa: 100%,False,False
73034,9759,3,Gestión Pedagógica,2500000,2500000.0,Implementación completa: 100%,False,False
73035,9759,3,Gestión Pedagógica,10000000,10000000.0,Implementación completa: 100%,False,False
73036,9759,3,Gestión Pedagógica,1000000,1000000.0,Implementación completa: 100%,False,False
73037,9759,3,Liderazgo,10000000,10000000.0,Implementación completa: 100%,False,False
73038,9759,3,Liderazgo,10000000,10000000.0,Implementación completa: 100%,False,False
73039,9759,3,Liderazgo,3000000,3000000.0,Implementación completa: 100%,False,False
73040,9759,3,Liderazgo,1500000,1500000.0,Implementación completa: 100%,False,False
73041,9759,3,Liderazgo,4000000,4000000.0,Implementación completa: 100%,False,False
73042,9771,3,Convivencia Escolar,6839067,6839067.0,Implementación adecuada: 50% a 74%,False,False
73043,9771,3,Convivencia Escolar,4103440,4103440.0,Implementación adecuada: 50% a 74%,False,False
73044,9771,3,Convivencia Escolar,1823751,1823751.0,Implementación adecuada: 50% a 74%,False,False
73045,9771,3,Convivencia Escolar,5927191,5927191.0,Implementación adecuada: 50% a 74%,False,False
73046,9771,3,Convivencia Escolar,5000000,5000000.0,Implementación adecuada: 50% a 74%,False,False
73047,9771,3,Convivencia Escolar,0,0.0,Implementación completa: 100%,False,False
73048,9771,3,Convivencia Escolar,2735627,2735627.0,Implementación adecuada: 50% a 74%,False,False
73049,9771,3,Convivencia Escolar,5471253,5471253.0,Implementación adecuada: 50% a 74%,False,False
73050,9771,3,Convivencia Escolar,2735626,2735626.0,Implementación adecuada: 50% a 74%,False,False
73051,9771,3,Gestión de Recursos,13678134,13678134.0,Implementación adecuada: 50% a 74%,False,False
73052,9771,3,Gestión de Recursos,9200000,9200000.0,Implementación adecuada: 50% a 74%,False,False
73053,9771,3,Gestión de Recursos,5471254,5471254.0,Implementación avanzada: 75% a 99%,False,False
73054,9771,3,Gestión de Recursos,0,0.0,Implementación avanzada: 75% a 99%,False,False
73055,9771,3,Gestión de Recursos,10000000,10000000.0,Implementación adecuada: 50% a 74%,False,False
73056,9771,3,Gestión de Recursos,5471254,5471254.0,Implementación adecuada: 50% a 74%,False,False
73057,9771,3,Gestión de Recursos,5000000,5000000.0,Implementación adecuada: 50% a 74%,False,False
73058,9771,3,Gestión Pedagógica,6839067,6839067.0,Implementación adecuada: 50% a 74%,False,False
73059,9771,3,Gestión Pedagógica,5471254,5471254.0,Implementación adecuada: 50% a 74%,False,False
73060,9771,3,Gestión Pedagógica,2279689,2279689.0,Implementación adecuada: 50% a 74%,False,False
73061,9771,3,Gestión Pedagógica,3191565,3191565.0,Implementación adecuada: 50% a 74%,False,False
73062,9771,3,Gestión Pedagógica,7295005,7295005.0,Implementación adecuada: 50% a 74%,False,False
73063,9771,3,Gestión Pedagógica,1823751,1823751.0,Implementación adecuada: 50% a 74%,False,False
73064,9771,3,Gestión Pedagógica,5500000,5500000.0,Implementación adecuada: 50% a 74%,False,False
73065,9771,3,Gestión Pedagógica,4559378,4559378.0,Implementación adecuada: 50% a 74%,False,False
73066,9771,3,Gestión Pedagógica,0,0.0,Implementación avanzada: 75% a 99%,False,False
73067,9771,3,Liderazgo,2735627,2735627.0,Implementación adecuada: 50% a 74%,False,False
73068,9771,3,Liderazgo,10000000,10000000.0,Implementación adecuada: 50% a 74%,False,False
73069,9771,3,Liderazgo,4559378,4559378.0,Implementación adecuada: 50% a 74%,False,False
73070,9771,3,Liderazgo,911876,911876.0,Implementación adecuada: 50% a 74%,False,False
73071,9771,3,Liderazgo,9118756,9118756.0,Implementación adecuada: 50% a 74%,False,False
73072,9771,3,Liderazgo,0,0.0,Implementación avanzada: 75% a 99%,False,False
73073,9771,3,Liderazgo,97423,97423.0,Implementación avanzada: 75% a 99%,False,False
73132,9779,3,Convivencia Escolar,11535420,11535420.0,Implementación completa: 100%,False,False
73133,9779,3,Convivencia Escolar,7500000,7500000.0,Implementación completa: 100%,False,False
73134,9779,3,Convivencia Escolar,38370852,38370852.0,Implementación completa: 100%,False,False
73135,9779,3,Convivencia Escolar,8000000,8000000.0,Implementación completa: 100%,False,False
73136,9779,3,Convivencia Escolar,500000,500000.0,Implementación completa: 100%,False,False
73137,9779,3,Gestión de Recursos,30183613,30183613.0,Implementación completa: 100%,False,False
73138,9779,3,Gestión de Recursos,32000000,32000000.0,Implementación completa: 100%,False,False
73139,9779,3,Gestión de Recursos,12282221,12282221.0,Implementación completa: 100%,False,False
73140,9779,3,Gestión de Recursos,6060000,6060000.0,Implementación completa: 100%,False,False
73141,9779,3,Gestión Pedagógica,8500000,8500000.0,Implementación completa: 100%,False,False
73142,9779,3,Gestión Pedagógica,6748620,6748620.0,Implementación completa: 100%,False,False
73143,9779,3,Gestión Pedagógica,12584000,12584000.0,Implementación completa: 100%,False,False
73144,9779,3,Gestión Pedagógica,9837900,9837900.0,Implementación completa: 100%,False,False
73145,9779,3,Gestión Pedagógica,3050000,3050000.0,Implementación completa: 100%,False,False
73146,9779,3,Gestión Pedagógica,7000000,7000000.0,Implementación completa: 100%,False,False
73147,9779,3,Gestión Pedagógica,235000000,0.0,Implementación completa: 100%,False,False
73148,9779,3,Gestión Pedagógica,12000000,12000000.0,Implementación completa: 100%,False,False
73149,9779,3,Gestión Pedagógica,5731260,5731260.0,Implementación completa: 100%,False,False
73150,9779,3,Gestión Pedagógica,3000000,3000000.0,Implementación completa: 100%,False,False
73151,9779,3,Gestión Pedagógica,1380000,1380000.0,Implementación completa: 100%,False,False
73152,9779,3,Gestión Pedagógica,4820960,4820960.0,Implementación completa: 100%,False,False
73153,9779,3,Liderazgo,31000000,31000000.0,Implementación completa: 100%,False,False
73154,9779,3,Liderazgo,24976920,24976920.0,Implementación completa: 100%,False,False
73155,9779,3,Liderazgo,5000000,5000000.0,Implementación completa: 100%,False,False
73156,9779,3,Liderazgo,5349600,5349600.0,Implementación completa: 100%,False,False
73157,9779,3,Liderazgo,4205376,4205376.0,Implementación completa: 100%,False,False
73180,9781,3,Convivencia Escolar,20000000,20000000.0,Implementación completa: 100%,False,False
73181,9781,3,Convivencia Escolar,5000000,5000000.0,Implementación completa: 100%,False,False
73182,9781,3,Convivencia Escolar,5000000,5000000.0,Implementación completa: 100%,False,False
73183,9781,3,Convivencia Escolar,10000000,10000000.0,Implementación avanzada: 75% a 99%,False,False
73184,9781,3,Convivencia Escolar,10000000,10000000.0,Implementación completa: 100%,False,False
73185,9781,3,Convivencia Escolar,40000000,40000000.0,Implementación completa: 100%,False,False
73186,9781,3,Gestión de Recursos,20000000,20000000.0,Implementación completa: 100%,False,False
73187,9781,3,Gestión de Recursos,32000000,32000000.0,Implementación completa: 100%,False,False
73188,9781,3,Gestión de Recursos,6000000,6000000.0,Implementación completa: 100%,False,False
73189,9781,3,Gestión de Recursos,20000000,20000000.0,Implementación completa: 100%,False,False
73190,9781,3,Gestión de Recursos,20000000,20000000.0,Implementación completa: 100%,False,False
73191,9781,3,Gestión de Recursos,30000000,30000000.0,Implementación completa: 100%,False,False
73192,9781,3,Gestión de Recursos,23000000,23000000.0,Implementación completa: 100%,False,False
73193,9781,3,Gestión Pedagógica,20000000,20000000.0,Implementación completa: 100%,False,False
73194,9781,3,Gestión Pedagógica,23000000,23000000.0,Implementación completa: 100%,False,False
73195,9781,3,Gestión Pedagógica,20000000,20000000.0,Implementación completa: 100%,False,False
73196,9781,3,Gestión Pedagógica,22000000,22000000.0,Implementación avanzada: 75% a 99%,False,False
73197,9781,3,Liderazgo,20000000,20000000.0,Implementación completa: 100%,False,False
73198,9781,3,Liderazgo,5000000,5000000.0,Implementación avanzada: 75% a 99%,False,False
73199,9781,3,Liderazgo,17000000,17000000.0,Implementación completa: 100%,False,False
73200,9781,3,Liderazgo,50000000,50000000.0,Implementación completa: 100%,False,False
73201,9784,3,Convivencia Escolar,1880000,1880000.0,Implementación completa: 100%,False,False
73202,9784,3,Convivencia Escolar,5260000,5260000.0,Implementación completa: 100%,False,False
73203,9784,3,Convivencia Escolar,13500000,13500000.0,Implementación completa: 100%,False,False
73204,9784,3,Gestión de Recursos,12300000,12300000.0,Implementación avanzada: 75% a 99%,False,False
73205,9784,3,Gestión de Recursos,145000000,145000000.0,Implementación avanzada: 75% a 99%,False,False
73206,9784,3,Gestión de Recursos,8700000,8700000.0,Implementación completa: 100%,False,False
73207,9784,3,Gestión Pedagógica,4650000,4650000.0,Implementación avanzada: 75% a 99%,False,False
73208,9784,3,Gestión Pedagógica,350000,350000.0,Implementación adecuada: 50% a 74%,False,False
73209,9784,3,Gestión Pedagógica,12000000,12000000.0,Implementación completa: 100%,False,False
73210,9784,3,Gestión Pedagógica,2500000,2500000.0,Implementación adecuada: 50% a 74%,False,False
73211,9784,3,Liderazgo,500000,500000.0,Implementación avanzada: 75% a 99%,False,False
73212,9784,3,Liderazgo,3200000,3200000.0,Implementación adecuada: 50% a 74%,False,False
73213,9786,3,Convivencia Escolar,8000000,8000000.0,Implementación adecuada: 50% a 74%,False,False
73214,9786,3,Convivencia Escolar,1000000,1000000.0,Implementación adecuada: 50% a 74%,False,False
73215,9786,3,Convivencia Escolar,0,0.0,Implementación completa: 100%,False,False
73216,9786,3,Convivencia Escolar,4000000,4000000.0,Implementación completa: 100%,False,False
73217,9786,3,Convivencia Escolar,11000000,11000000.0,Implementación completa: 100%,False,False
73218,9786,3,Convivencia Escolar,8000000,8000000.0,Implementación completa: 100%,False,False
73219,9786,3,Convivencia Escolar,0,0.0,Implementación completa: 100%,False,False
73220,9786,3,Convivencia Escolar,10000000,10000000.0,Implementación completa: 100%,False,False
73221,9786,3,Convivencia Escolar,0,0.0,Implementación completa: 100%,False,False
73222,9786,3,Gestión de Recursos,0,0.0,Implementación adecuada: 50% a 74%,False,False
73223,9786,3,Gestión de Recursos,43000000,43000000.0,Implementación completa: 100%,False,False
73224,9786,3,Gestión de Recursos,0,0.0,Implementación completa: 100%,False,False
73225,9786,3,Gestión de Recursos,23000000,23000000.0,Implementación completa: 100%,False,False
73226,9786,3,Gestión de Recursos,12000000,12000000.0,Implementación avanzada: 75% a 99%,False,False
73227,9786,3,Gestión Pedagógica,0,0.0,Implementación completa: 100%,False,False
73228,9786,3,Gestión Pedagógica,0,0.0,Implementación parcial: 25% a 49%,False,False
73229,9786,3,Gestión Pedagógica,0,0.0,Implementación completa: 100%,False,False
73230,9786,3,Gestión Pedagógica,0,0.0,Implementación avanzada: 75% a 99%,False,False
73231,9786,3,Gestión Pedagógica,0,0.0,Implementación completa: 100%,False,False
73232,9786,3,Gestión Pedagógica,0,0.0,Implementación completa: 100%,False,False
73233,9786,3,Gestión Pedagógica,7500000,7500000.0,Implementación completa: 100%,False,False
73234,9786,3,Gestión Pedagógica,0,0.0,Implementación completa: 100%,False,False
73235,9786,3,Liderazgo,0,0.0,Implementación parcial: 25% a 49%,False,False
73236,9786,3,Liderazgo,0,0.0,Implementación parcial: 25% a 49%,False,False
73237,9786,3,Liderazgo,0,0.0,Implementación completa: 100%,False,False
73238,9786,3,Liderazgo,32000000,32000000.0,Implementación completa: 100%,False,False
73239,9786,3,Liderazgo,140000000,140000000.0,Implementación completa: 100%,False,False
73240,9788,3,Convivencia Escolar,3465000,3465000.0,Implementación completa: 100%,False,False
73241,9788,3,Convivencia Escolar,27720000,27720000.0,Implementación completa: 100%,False,False
73242,9788,3,Convivencia Escolar,11550000,11550000.0,Implementación completa: 100%,False,False
73243,9788,3,Convivencia Escolar,0,0.0,Implementación completa: 100%,False,False
73244,9788,3,Gestión de Recursos,11550000,11550000.0,Implementación completa: 100%,False,False
73245,9788,3,Gestión de Recursos,42126000,42126000.0,Implementación completa: 100%,False,False
73246,9788,3,Gestión de Recursos,16830000,16830000.0,Implementación completa: 100%,False,False
73247,9788,3,Gestión de Recursos,19110000,19110000.0,Implementación completa: 100%,False,False
73248,9788,3,Gestión de Recursos,17325000,17325000.0,Implementación completa: 100%,False,False
73249,9788,3,Gestión de Recursos,4042500,4042500.0,Implementación completa: 100%,False,False
73250,9788,3,Gestión Pedagógica,13335000,13335000.0,Implementación completa: 100%,False,False
73251,9788,3,Gestión Pedagógica,0,0.0,Implementación completa: 100%,False,False
73252,9788,3,Gestión Pedagógica,20790000,20790000.0,Implementación completa: 100%,False,False
73253,9788,3,Gestión Pedagógica,0,0.0,Implementación completa: 100%,False,False
73254,9788,3,Gestión Pedagógica,34650000,34650000.0,Implementación completa: 100%,False,False
73255,9788,3,Liderazgo,0,0.0,Implementación completa: 100%,False,False
73256,9788,3,Liderazgo,10972500,10972500.0,Implementación completa: 100%,False,False
73257,9789,3,Convivencia Escolar,2000000,2000000.0,Implementación completa: 100%,False,False
73258,9789,3,Convivencia Escolar,8000000,8000000.0,Implementación avanzada: 75% a 99%,False,False
73259,9789,3,Gestión de Recursos,10000000,10000000.0,Implementación avanzada: 75% a 99%,False,False
73260,9789,3,Gestión de Recursos,5000000,5000000.0,Implementación avanzada: 75% a 99%,False,False
73261,9789,3,Gestión Pedagógica,2000000,0.0,Implementación avanzada: 75% a 99%,False,False
73262,9789,3,Gestión Pedagógica,17000000,17000000.0,Implementación avanzada: 75% a 99%,False,False
73263,9789,3,Gestión Pedagógica,3000000,3000000.0,Implementación avanzada: 75% a 99%,False,False
73264,9789,3,Liderazgo,2000000,2000000.0,Implementación avanzada: 75% a 99%,False,False
73265,9789,3,Liderazgo,7000000,7000000.0,Implementación avanzada: 75% a 99%,False,False
73296,9797,3,Convivencia Escolar,12000000,12000000.0,Implementación completa: 100%,False,False
73297,9797,3,Convivencia Escolar,10000000,10000000.0,Implementación completa: 100%,False,False
73298,9797,3,Convivencia Escolar,15000000,15000000.0,Implementación completa: 100%,False,False
73299,9797,3,Gestión de Recursos,1000000,0.0,Implementación completa: 100%,False,False
73300,9797,3,Gestión de Recursos,5000000,0.0,Implementación completa: 100%,False,False
73301,9797,3,Gestión de Recursos,17000000,17000000.0,Implementación completa: 100%,False,False
73302,9797,3,Gestión de Recursos,8000000,8000000.0,Implementación completa: 100%,False,False
73303,9797,3,Gestión de Recursos,84000000,14000000.0,Implementación completa: 100%,False,False
73304,9797,3,Gestión de Recursos,25000000,25000000.0,Implementación completa: 100%,False,False
73305,9797,3,Gestión Pedagógica,70000000,0.0,Implementación completa: 100%,False,False
73306,9797,3,Gestión Pedagógica,20000000,20000000.0,Implementación completa: 100%,False,False
73307,9797,3,Gestión Pedagógica,3200000,3200000.0,Implementación completa: 100%,False,False
73308,9797,3,Gestión Pedagógica,1000000,1000000.0,Implementación completa: 100%,False,False
73309,9797,3,Liderazgo,32000000,32000000.0,Implementación completa: 100%,False,False
73310,9797,3,Liderazgo,6000000,6000000.0,Implementación completa: 100%,False,False
73311,9797,3,Liderazgo,3200000,3200000.0,Implementación completa: 100%,False,False
73312,9797,3,Liderazgo,12000000,12000000.0,Implementación completa: 100%,False,False
73410,9801,3,Convivencia Escolar,500000,500000.0,Implementación completa: 100%,False,False
73411,9801,3,Convivencia Escolar,15000000,15000000.0,Implementación completa: 100%,False,False
73412,9801,3,Convivencia Escolar,3500000,3500000.0,Implementación completa: 100%,False,False
73413,9801,3,Convivencia Escolar,8140000,8140000.0,Implementación completa: 100%,False,False
73414,9801,3,Gestión de Recursos,22360000,22360000.0,Implementación completa: 100%,False,False
73415,9801,3,Gestión de Recursos,35000000,35000000.0,Implementación completa: 100%,False,False
73416,9801,3,Gestión de Recursos,0,0.0,Implementación completa: 100%,False,False
73417,9801,3,Gestión de Recursos,249000000,249000000.0,Implementación completa: 100%,False,False
73418,9801,3,Gestión Pedagógica,500000,500000.0,Implementación completa: 100%,False,False
73419,9801,3,Gestión Pedagógica,0,0.0,Implementación completa: 100%,False,False
73420,9801,3,Gestión Pedagógica,2000000,2000000.0,Implementación completa: 100%,False,False
73421,9801,3,Gestión Pedagógica,0,0.0,Implementación completa: 100%,False,False
73422,9801,3,Liderazgo,56000000,56000000.0,Implementación completa: 100%,False,False
73423,9801,3,Liderazgo,0,0.0,Implementación completa: 100%,False,False
73439,9804,3,Convivencia Escolar,500000,500000.0,Implementación avanzada: 75% a 99%,False,False
73440,9804,3,Convivencia Escolar,4000000,4000000.0,Implementación avanzada: 75% a 99%,False,False
73441,9804,3,Convivencia Escolar,10000000,10000000.0,Implementación avanzada: 75% a 99%,False,False
73442,9804,3,Convivencia Escolar,10000000,10000000.0,Implementación avanzada: 75% a 99%,False,False
73443,9804,3,Gestión de Recursos,20000000,20000000.0,Implementación avanzada: 75% a 99%,False,False
73444,9804,3,Gestión de Recursos,25000000,25000000.0,Implementación avanzada: 75% a 99%,False,False
73445,9804,3,Gestión Pedagógica,500000,500000.0,Implementación avanzada: 75% a 99%,False,False
73446,9804,3,Gestión Pedagógica,500000,500000.0,Implementación avanzada: 75% a 99%,False,False
73447,9804,3,Gestión Pedagógica,1000000,1000000.0,Implementación avanzada: 75% a 99%,False,False
73448,9804,3,Gestión Pedagógica,10000000,10000000.0,Implementación avanzada: 75% a 99%,False,False
73449,9804,3,Liderazgo,2500000,2500000.0,Implementación completa: 100%,False,False
73450,9804,3,Liderazgo,5000000,5000000.0,Implementación completa: 100%,False,False
73451,9804,3,Liderazgo,500000,500000.0,Implementación completa: 100%,False,False
73463,9807,3,Convivencia Escolar,7000000,7000000.0,Implementación avanzada: 75% a 99%,False,False
73464,9807,3,Convivencia Escolar,7000000,7000000.0,Implementación adecuada: 50% a 74%,False,False
73465,9807,3,Gestión de Recursos,7000000,7000000.0,Implementación adecuada: 50% a 74%,False,False
73466,9807,3,Gestión de Recursos,5000000,5000000.0,Implementación adecuada: 50% a 74%,False,False
73467,9807,3,Gestión Pedagógica,48000000,48000000.0,Implementación avanzada: 75% a 99%,False,False
73468,9807,3,Gestión Pedagógica,7000000,7000000.0,Implementación adecuada: 50% a 74%,False,False
73469,9807,3,Liderazgo,7000000,7000000.0,Implementación adecuada: 50% a 74%,False,False
73470,9807,3,Liderazgo,7000000,7000000.0,Implementación avanzada: 75% a 99%,False,False
73471,9808,3,Convivencia Escolar,10000000,10000000.0,Implementación avanzada: 75% a 99%,False,False
73472,9808,3,Convivencia Escolar,25000000,25000000.0,Implementación avanzada: 75% a 99%,False,False
73473,9808,3,Convivencia Escolar,3000000,3000000.0,Implementación avanzada: 75% a 99%,False,False
73474,9808,3,Convivencia Escolar,5000000,5000000.0,Implementación avanzada: 75% a 99%,False,False
73475,9808,3,Gestión de Recursos,10000000,10000000.0,Implementación avanzada: 75% a 99%,False,False
73476,9808,3,Gestión de Recursos,20000000,10000000.0,Implementación avanzada: 75% a 99%,False,False
73477,9808,3,Gestión Pedagógica,10000000,10000000.0,Implementación avanzada: 75% a 99%,False,False
73478,9808,3,Gestión Pedagógica,10000000,0.0,Implementación avanzada: 75% a 99%,False,False
73479,9808,3,Gestión Pedagógica,16000000,16000000.0,Implementación avanzada: 75% a 99%,False,False
73480,9808,3,Gestión Pedagógica,20000000,20000000.0,Implementación avanzada: 75% a 99%,False,False
73481,9808,3,Gestión Pedagógica,35000000,10000000.0,Implementación avanzada: 75% a 99%,False,False
73482,9808,3,Liderazgo,5000000,5000000.0,Implementación completa: 100%,False,False
73483,9808,3,Liderazgo,30000000,25000000.0,Implementación completa: 100%,False,False
73484,9809,3,Convivencia Escolar,6000000,6000000.0,Implementación avanzada: 75% a 99%,False,False
73485,9809,3,Convivencia Escolar,2000000,2000000.0,Implementación completa: 100%,False,False
73486,9809,3,Convivencia Escolar,1000000,1000000.0,Implementación avanzada: 75% a 99%,False,False
73487,9809,3,Convivencia Escolar,10000000,10000000.0,Implementación parcial: 25% a 49%,False,False
73488,9809,3,Convivencia Escolar,10700000,10700000.0,Implementación avanzada: 75% a 99%,False,False
73489,9809,3,Convivencia Escolar,6000000,6000000.0,Implementación avanzada: 75% a 99%,False,False
73490,9809,3,Gestión de Recursos,2000000,2000000.0,Implementación completa: 100%,False,False
73491,9809,3,Gestión de Recursos,16000000,16000000.0,Implementación completa: 100%,False,False
73492,9809,3,Gestión de Recursos,5000000,5000000.0,Implementación inicial: 1% a 24%,False,False
73493,9809,3,Gestión de Recursos,90000000,90000000.0,Implementación adecuada: 50% a 74%,False,False
73494,9809,3,Gestión de Recursos,15000000,15000000.0,Implementación avanzada: 75% a 99%,False,False
73495,9809,3,Gestión de Recursos,19000000,19000000.0,Implementación completa: 100%,False,False
73496,9809,3,Gestión Pedagógica,22000000,22000000.0,Implementación avanzada: 75% a 99%,False,False
73497,9809,3,Gestión Pedagógica,3000000,3000000.0,Implementación avanzada: 75% a 99%,False,False
73498,9809,3,Gestión Pedagógica,500000,500000.0,Implementación avanzada: 75% a 99%,False,False
73499,9809,3,Gestión Pedagógica,500000,500000.0,Implementación avanzada: 75% a 99%,False,False
73500,9809,3,Gestión Pedagógica,3500000,3500000.0,Implementación avanzada: 75% a 99%,False,False
73501,9809,3,Gestión Pedagógica,9300000,9300000.0,Implementación avanzada: 75% a 99%,False,False
73502,9809,3,Liderazgo,1000000,1000000.0,Implementación parcial: 25% a 49%,False,False
73503,9809,3,Liderazgo,2000000,2000000.0,Implementación avanzada: 75% a 99%,False,False
73504,9809,3,Liderazgo,4000000,4000000.0,Implementación avanzada: 75% a 99%,False,False
73505,9809,3,Liderazgo,4000000,4000000.0,Implementación adecuada: 50% a 74%,False,False
73534,9811,3,Convivencia Escolar,20000000,20000000.0,Implementación completa: 100%,False,False
73535,9811,3,Convivencia Escolar,10000000,10000000.0,Implementación completa: 100%,False,False
73536,9811,3,Convivencia Escolar,20000000,20000000.0,Implementación completa: 100%,False,False
73537,9811,3,Gestión de Recursos,130000000,130000000.0,Implementación completa: 100%,False,False
73538,9811,3,Gestión de Recursos,80000000,80000000.0,Implementación completa: 100%,False,False
73539,9811,3,Gestión de Recursos,80000000,80000000.0,Implementación completa: 100%,False,False
73540,9811,3,Gestión Pedagógica,10000000,10000000.0,Implementación completa: 100%,False,False
73541,9811,3,Gestión Pedagógica,20000000,20000000.0,Implementación completa: 100%,False,False
73542,9811,3,Gestión Pedagógica,10000000,10000000.0,Implementación completa: 100%,False,False
73543,9811,3,Gestión Pedagógica,20000000,20000000.0,Implementación completa: 100%,False,False
73544,9811,3,Gestión Pedagógica,10000000,10000000.0,Implementación completa: 100%,False,False
73545,9811,3,Gestión Pedagógica,10000000,10000000.0,Implementación completa: 100%,False,False
73546,9811,3,Liderazgo,40000000,40000000.0,Implementación completa: 100%,False,False
73547,9811,3,Liderazgo,10000000,10000000.0,Implementación completa: 100%,False,False
73548,9811,3,Liderazgo,20000000,20000000.0,Implementación completa: 100%,False,False
73549,9811,3,Liderazgo,50000000,50000000.0,Implementación completa: 100%,False,False
73550,9811,3,Liderazgo,10000000,10000000.0,Implementación completa: 100%,False,False
73611,9827,3,Convivencia Escolar,7000000,7000000.0,Implementación completa: 100%,False,False
73612,9827,3,Convivencia Escolar,20000000,20000000.0,Implementación completa: 100%,False,False
73613,9827,3,Convivencia Escolar,25000000,25000000.0,Implementación completa: 100%,False,False
73614,9827,3,Convivencia Escolar,22000000,22000000.0,Implementación completa: 100%,False,False
73615,9827,3,Convivencia Escolar,5000000,5000000.0,Implementación completa: 100%,False,False
73616,9827,3,Convivencia Escolar,5000000,5000000.0,Implementación completa: 100%,False,False
73617,9827,3,Gestión de Recursos,15000000,15000000.0,Implementación completa: 100%,False,False
73618,9827,3,Gestión de Recursos,12000000,12000000.0,Implementación completa: 100%,False,False
73619,9827,3,Gestión de Recursos,15000000,15000000.0,Implementación completa: 100%,False,False
73620,9827,3,Gestión de Recursos,55000000,55000000.0,Implementación completa: 100%,False,False
73621,9827,3,Gestión de Recursos,10000000,10000000.0,Implementación completa: 100%,False,False
73622,9827,3,Gestión Pedagógica,20000000,20000000.0,Implementación completa: 100%,False,False
73623,9827,3,Gestión Pedagógica,25000000,25000000.0,Implementación avanzada: 75% a 99%,False,False
73624,9827,3,Gestión Pedagógica,55000000,55000000.0,Implementación completa: 100%,False,False
73625,9827,3,Gestión Pedagógica,15000000,15000000.0,Implementación avanzada: 75% a 99%,False,False
73626,9827,3,Gestión Pedagógica,40000000,40000000.0,Implementación completa: 100%,False,False
73627,9827,3,Gestión Pedagógica,20000000,20000000.0,Implementación no efectuada: 0%,False,False
73628,9827,3,Gestión Pedagógica,15000000,15000000.0,Implementación completa: 100%,False,False
73629,9827,3,Gestión Pedagógica,55000000,55000000.0,Implementación completa: 100%,False,False
73630,9827,3,Gestión Pedagógica,20000000,20000000.0,Implementación completa: 100%,False,False
73631,9827,3,Liderazgo,25000000,25000000.0,Implementación completa: 100%,False,False
73632,9827,3,Liderazgo,25000000,25000000.0,Implementación completa: 100%,False,False
73633,9827,3,Liderazgo,15000000,15000000.0,Implementación completa: 100%,False,False
73666,9829,3,Convivencia Escolar,15000000,15000000.0,Implementación completa: 100%,False,False
73667,9829,3,Convivencia Escolar,28000000,28000000.0,Implementación completa: 100%,False,False
73668,9829,3,Gestión de Recursos,13000000,13000000.0,Implementación completa: 100%,False,False
73669,9829,3,Gestión de Recursos,15000000,15000000.0,Implementación completa: 100%,False,False
73670,9829,3,Gestión de Recursos,12000000,12000000.0,Implementación completa: 100%,False,False
73671,9829,3,Gestión de Recursos,25000000,25000000.0,Implementación completa: 100%,False,False
73672,9829,3,Gestión de Recursos,8000000,8000000.0,Implementación completa: 100%,False,False
73673,9829,3,Gestión de Recursos,30000000,30000000.0,Implementación completa: 100%,False,False
73674,9829,3,Gestión de Recursos,60000000,60000000.0,Implementación completa: 100%,False,False
73675,9829,3,Gestión Pedagógica,22000000,22000000.0,Implementación completa: 100%,False,False
73676,9829,3,Gestión Pedagógica,20000000,20000000.0,Implementación completa: 100%,False,False
73677,9829,3,Gestión Pedagógica,9000000,9000000.0,Implementación avanzada: 75% a 99%,False,False
73678,9829,3,Gestión Pedagógica,28000000,8000000.0,Implementación completa: 100%,False,False
73679,9829,3,Liderazgo,13000000,13000000.0,Implementación avanzada: 75% a 99%,False,False
73680,9829,3,Liderazgo,15000000,10000000.0,Implementación completa: 100%,False,False
73681,9829,3,Liderazgo,17500000,17000000.0,Implementación completa: 100%,False,False
73864,9859,3,Convivencia Escolar,18000000,18000000.0,Implementación completa: 100%,False,False
73865,9859,3,Convivencia Escolar,15000000,15000000.0,Implementación completa: 100%,False,False
73866,9859,3,Convivencia Escolar,7000000,7000000.0,Implementación completa: 100%,False,False
73867,9859,3,Convivencia Escolar,6000000,6000000.0,Implementación completa: 100%,False,False
73868,9859,3,Convivencia Escolar,2000000,2000000.0,Implementación completa: 100%,False,False
73869,9859,3,Gestión de Recursos,45000000,45000000.0,Implementación completa: 100%,False,False
73870,9859,3,Gestión de Recursos,5000000,5000000.0,Implementación completa: 100%,False,False
73871,9859,3,Gestión de Recursos,20000000,20000000.0,Implementación completa: 100%,False,False
73872,9859,3,Gestión de Recursos,70000000,70000000.0,Implementación completa: 100%,False,False
73873,9859,3,Gestión de Recursos,200000000,200000000.0,Implementación completa: 100%,False,False
73874,9859,3,Gestión Pedagógica,2500000,2500000.0,Implementación completa: 100%,False,False
73875,9859,3,Gestión Pedagógica,10000000,10000000.0,Implementación completa: 100%,False,False
73876,9859,3,Gestión Pedagógica,1000000,1000000.0,Implementación completa: 100%,False,False
73877,9859,3,Gestión Pedagógica,500000,500000.0,Implementación avanzada: 75% a 99%,False,False
73878,9859,3,Gestión Pedagógica,2000000,2000000.0,Implementación completa: 100%,False,False
73879,9859,3,Gestión Pedagógica,18000000,18000000.0,Implementación completa: 100%,False,False
73880,9859,3,Gestión Pedagógica,1000000,1000000.0,Implementación completa: 100%,False,False
73881,9859,3,Liderazgo,2000000,2000000.0,Implementación completa: 100%,False,False
73882,9859,3,Liderazgo,20000000,20000000.0,Implementación completa: 100%,False,False
73883,9859,3,Liderazgo,18000000,18000000.0,Implementación avanzada: 75% a 99%,False,False
73884,9859,3,Liderazgo,5000000,5000000.0,Implementación completa: 100%,False,False
87717,11914,3,Convivencia Escolar,10000000,10000000.0,Implementación completa: 100%,False,False
87718,11914,3,Convivencia Escolar,10000000,10000000.0,Implementación completa: 100%,False,False
87719,11914,3,Gestión de Recursos,25000000,25000000.0,Implementación completa: 100%,False,False
87720,11914,3,Gestión de Recursos,25000000,25000000.0,Implementación completa: 100%,False,False
87721,11914,3,Gestión Pedagógica,5000000,5000000.0,Implementación completa: 100%,False,False
87722,11914,3,Gestión Pedagógica,5000000,5000000.0,Implementación completa: 100%,False,False
87723,11914,3,Gestión Pedagógica,5000000,5000000.0,Implementación completa: 100%,False,False
87724,11914,3,Gestión Pedagógica,10000000,10000000.0,Implementación completa: 100%,False,False
87725,11914,3,Gestión Pedagógica,5000000,5000000.0,Implementación completa: 100%,False,False
87726,11914,3,Liderazgo,5000000,5000000.0,Implementación completa: 100%,False,False
87727,11914,3,Liderazgo,10000000,10000000.0,Implementación completa: 100%,False,False
87728,11914,3,Liderazgo,5000000,5000000.0,Implementación completa: 100%,False,False
87729,11918,3,Convivencia Escolar,1000000,1000000.0,Implementación avanzada: 75% a 99%,False,False
87730,11918,3,Convivencia Escolar,500000,500000.0,Implementación avanzada: 75% a 99%,False,False
87731,11918,3,Convivencia Escolar,300000,300000.0,Implementación avanzada: 75% a 99%,False,False
87732,11918,3,Convivencia Escolar,3000000,3000000.0,Implementación avanzada: 75% a 99%,False,False
87733,11918,3,Gestión de Recursos,10000000,10000000.0,Implementación avanzada: 75% a 99%,False,False
87734,11918,3,Gestión de Recursos,10000000,10000000.0,Implementación avanzada: 75% a 99%,False,False
87735,11918,3,Gestión Pedagógica,100000,100000.0,Implementación completa: 100%,False,False
87736,11918,3,Gestión Pedagógica,3000000,3000000.0,Implementación completa: 100%,False,False
87737,11918,3,Gestión Pedagógica,3000000,3000000.0,Implementación completa: 100%,False,False
87738,11918,3,Liderazgo,7000000,7000000.0,Implementación avanzada: 75% a 99%,False,False
87739,11918,3,Liderazgo,20000000,20000000.0,Implementación completa: 100%,False,False
87740,11918,3,Liderazgo,1000000,1000000.0,Implementación completa: 100%,False,False
87741,11918,3,Liderazgo,0,0.0,Implementación avanzada: 75% a 99%,False,False
88048,11997,3,Convivencia Escolar,9000000,9000000.0,Implementación adecuada: 50% a 74%,False,False
88049,11997,3,Convivencia Escolar,3000000,3000000.0,Implementación adecuada: 50% a 74%,False,False
88050,11997,3,Convivencia Escolar,2000000,2000000.0,Implementación completa: 100%,False,False
88051,11997,3,Convivencia Escolar,5000000,5000000.0,Implementación avanzada: 75% a 99%,False,False
88052,11997,3,Convivencia Escolar,16000000,16000000.0,Implementación avanzada: 75% a 99%,False,False
88053,11997,3,Convivencia Escolar,15000000,15000000.0,Implementación avanzada: 75% a 99%,False,False
88054,11997,3,Convivencia Escolar,12000000,12000000.0,Implementación adecuada: 50% a 74%,False,False
88055,11997,3,Gestión de Recursos,3000000,0.0,Implementación completa: 100%,False,False
88056,11997,3,Gestión de Recursos,6000000,6000000.0,Implementación completa: 100%,False,False
88057,11997,3,Gestión de Recursos,6000000,6000000.0,Implementación completa: 100%,False,False
88058,11997,3,Gestión de Recursos,11000000,11000000.0,Implementación completa: 100%,False,False
88059,11997,3,Gestión de Recursos,3000000,3000000.0,Implementación completa: 100%,False,False
88060,11997,3,Gestión de Recursos,6000000,6000000.0,Implementación completa: 100%,False,False
88061,11997,3,Gestión de Recursos,4315920,4315920.0,Implementación parcial: 25% a 49%,False,False
88062,11997,3,Gestión de Recursos,4315920,0.0,Implementación parcial: 25% a 49%,False,False
88063,11997,3,Gestión Pedagógica,4500000,4500000.0,Implementación completa: 100%,False,False
88064,11997,3,Gestión Pedagógica,6000000,6000000.0,Implementación avanzada: 75% a 99%,False,False
88065,11997,3,Gestión Pedagógica,12000000,12000000.0,Implementación completa: 100%,False,False
88066,11997,3,Gestión Pedagógica,4500000,4500000.0,Implementación completa: 100%,False,False
88067,11997,3,Gestión Pedagógica,7192350,7192350.0,Implementación avanzada: 75% a 99%,False,False
88068,11997,3,Gestión Pedagógica,24779424,24779424.0,Implementación avanzada: 75% a 99%,False,False
88069,11997,3,Gestión Pedagógica,10000000,10000000.0,Implementación adecuada: 50% a 74%,False,False
88070,11997,3,Liderazgo,5000000,5000000.0,Implementación adecuada: 50% a 74%,False,False
88071,11997,3,Liderazgo,3500000,3500000.0,Implementación completa: 100%,False,False
88072,11997,3,Liderazgo,5000000,5000000.0,Implementación completa: 100%,False,False
88073,11997,3,Liderazgo,6000000,6000000.0,Implementación completa: 100%,False,False
88074,11997,3,Liderazgo,2000000,2000000.0,Implementación completa: 100%,False,False
88075,11997,3,Liderazgo,4000000,4000000.0,Implementación parcial: 25% a 49%,False,False
88076,11997,3,Liderazgo,2000000,2000000.0,Implementación completa: 100%,False,False
101046,16827,3,Convivencia Escolar,500000,500000.0,Implementación avanzada: 75% a 99%,False,False
101047,16827,3,Convivencia Escolar,1800000,1800000.0,Implementación avanzada: 75% a 99%,False,False
101048,16827,3,Convivencia Escolar,3000000,3000000.0,Implementación completa: 100%,False,False
101049,16827,3,Gestión de Recursos,5000000,5000000.0,Implementación completa: 100%,False,False
101050,16827,3,Gestión de Recursos,2000000,2000000.0,Implementación avanzada: 75% a 99%,False,False
101051,16827,3,Gestión de Recursos,2000000,2000000.0,Implementación completa: 100%,False,False
101052,16827,3,Gestión Pedagógica,0,0.0,Implementación avanzada: 75% a 99%,False,False
101053,16827,3,Gestión Pedagógica,0,0.0,Implementación completa: 100%,False,False
101054,16827,3,Gestión Pedagógica,1500000,1500000.0,Implementación avanzada: 75% a 99%,False,False
101055,16827,3,Liderazgo,1000000,1000000.0,Implementación completa: 100%,False,False
101056,16827,3,Liderazgo,1000000,1000000.0,Implementación avanzada: 75% a 99%,False,False
101057,16827,3,Liderazgo,600000,600000.0,Implementación completa: 100%,False,False
115732,25017,3,Convivencia Escolar,5000000,5000000.0,Implementación avanzada: 75% a 99%,False,False
115733,25017,3,Convivencia Escolar,5000000,5000000.0,Implementación avanzada: 75% a 99%,False,False
115734,25017,3,Convivencia Escolar,25000000,25000000.0,Implementación avanzada: 75% a 99%,False,False
115735,25017,3,Convivencia Escolar,5000000,5000000.0,Implementación avanzada: 75% a 99%,False,False
115736,25017,3,Convivencia Escolar,4000000,4000000.0,Implementación avanzada: 75% a 99%,False,False
115737,25017,3,Gestión de Recursos,15000000,15000000.0,Implementación avanzada: 75% a 99%,False,False
115738,25017,3,Gestión de Recursos,12000000,12000000.0,Implementación avanzada: 75% a 99%,False,False
115739,25017,3,Gestión de Recursos,8000000,8000000.0,Implementación inicial: 1% a 24%,False,False
115740,25017,3,Gestión de Recursos,60000000,60000000.0,Implementación avanzada: 75% a 99%,False,False
115741,25017,3,Gestión de Recursos,12000000,12000000.0,Implementación avanzada: 75% a 99%,False,False
115742,25017,3,Gestión de Recursos,5000000,5000000.0,Implementación avanzada: 75% a 99%,False,False
115743,25017,3,Gestión Pedagógica,6000000,6000000.0,Implementación avanzada: 75% a 99%,False,False
115744,25017,3,Gestión Pedagógica,2000000,2000000.0,Implementación avanzada: 75% a 99%,False,False
115745,25017,3,Gestión Pedagógica,0,0.0,Implementación avanzada: 75% a 99%,False,False
115746,25017,3,Gestión Pedagógica,2000000,2000000.0,Implementación avanzada: 75% a 99%,False,False
115747,25017,3,Gestión Pedagógica,4000000,4000000.0,Implementación avanzada: 75% a 99%,False,False
115748,25017,3,Gestión Pedagógica,2000000,2000000.0,Implementación adecuada: 50% a 74%,False,False
115749,25017,3,Liderazgo,2000000,2000000.0,Implementación avanzada: 75% a 99%,False,False
115750,25017,3,Liderazgo,2000000,2000000.0,Implementación avanzada: 75% a 99%,False,False
115751,25017,3,Liderazgo,2000000,2000000.0,Implementación avanzada: 75% a 99%,False,False
117323,25265,3,Convivencia Escolar,1500000,1500000.0,Implementación completa: 100%,False,False
117324,25265,3,Convivencia Escolar,100000,100000.0,Implementación completa: 100%,False,False
117325,25265,3,Convivencia Escolar,500000,500000.0,Implementación completa: 100%,False,False
117326,25265,3,Convivencia Escolar,12000000,12000000.0,Implementación completa: 100%,False,False
117327,25265,3,Convivencia Escolar,1000000,1000000.0,Implementación completa: 100%,False,False
117328,25265,3,Convivencia Escolar,7000000,7000000.0,Implementación completa: 100%,False,False
117329,25265,3,Convivencia Escolar,200000,200000.0,Implementación completa: 100%,False,False
117330,25265,3,Convivencia Escolar,21240000,21240000.0,Implementación completa: 100%,False,False
117331,25265,3,Gestión de Recursos,10970000,10970000.0,Implementación completa: 100%,False,False
117332,25265,3,Gestión de Recursos,250000,250000.0,Implementación completa: 100%,False,False
117333,25265,3,Gestión de Recursos,5000000,5000000.0,Implementación completa: 100%,False,False
117334,25265,3,Gestión de Recursos,15000000,15000000.0,Implementación completa: 100%,False,False
117335,25265,3,Gestión de Recursos,34600000,34600000.0,Implementación completa: 100%,False,False
117336,25265,3,Gestión de Recursos,5000000,5000000.0,Implementación completa: 100%,False,False
117337,25265,3,Gestión Pedagógica,50000,50000.0,Implementación completa: 100%,False,False
117338,25265,3,Gestión Pedagógica,250000,250000.0,Implementación completa: 100%,False,False
117339,25265,3,Gestión Pedagógica,250000,250000.0,Implementación completa: 100%,False,False
117340,25265,3,Gestión Pedagógica,250000,250000.0,Implementación completa: 100%,False,False
117341,25265,3,Gestión Pedagógica,250000,250000.0,Implementación completa: 100%,False,False
117342,25265,3,Gestión Pedagógica,250000,250000.0,Implementación completa: 100%,False,False
117343,25265,3,Gestión Pedagógica,250000,250000.0,Implementación completa: 100%,False,False
117344,25265,3,Gestión Pedagógica,80000000,80000000.0,Implementación completa: 100%,False,False
117345,25265,3,Liderazgo,50000,50000.0,Implementación completa: 100%,False,False
117346,25265,3,Liderazgo,100000,100000.0,Implementación completa: 100%,False,False
117347,25265,3,Liderazgo,250000,250000.0,Implementación completa: 100%,False,False
117348,25265,3,Liderazgo,500000,500000.0,Implementación completa: 100%,False,False
117349,25265,3,Liderazgo,50000,50000.0,Implementación completa: 100%,False,False
118808,25480,3,Convivencia Escolar,0,0.0,Implementación completa: 100%,False,False
118809,25480,3,Convivencia Escolar,0,0.0,Implementación inicial: 1% a 24%,False,False
118810,25480,3,Gestión de Recursos,0,0.0,Implementación inicial: 1% a 24%,False,False
118811,25480,3,Gestión de Recursos,0,0.0,Implementación no efectuada: 0%,False,False
118812,25480,3,Gestión Pedagógica,0,0.0,Implementación inicial: 1% a 24%,False,False
118813,25480,3,Gestión Pedagógica,0,0.0,Implementación parcial: 25% a 49%,False,False
118814,25480,3,Liderazgo,0,0.0,Implementación adecuada: 50% a 74%,False,False
118815,25480,3,Liderazgo,0,0.0,Implementación parcial: 25% a 49%,False,False
122164,25995,3,Convivencia Escolar,1500000,1500000.0,Implementación avanzada: 75% a 99%,False,False
122165,25995,3,Convivencia Escolar,21000000,21000000.0,Implementación completa: 100%,False,False
122166,25995,3,Convivencia Escolar,25000000,25000000.0,Implementación avanzada: 75% a 99%,False,False
122167,25995,3,Convivencia Escolar,14000000,14000000.0,Implementación avanzada: 75% a 99%,False,False
122168,25995,3,Convivencia Escolar,24000000,24000000.0,Implementación completa: 100%,False,False
122169,25995,3,Gestión de Recursos,200000,200000.0,Implementación avanzada: 75% a 99%,False,False
122170,25995,3,Gestión de Recursos,11000000,11000000.0,Implementación completa: 100%,False,False
122171,25995,3,Gestión de Recursos,24000000,24000000.0,Implementación avanzada: 75% a 99%,False,False
122172,25995,3,Gestión de Recursos,21000000,21000000.0,Implementación completa: 100%,False,False
122173,25995,3,Gestión de Recursos,200000,200000.0,Implementación adecuada: 50% a 74%,False,False
122174,25995,3,Gestión Pedagógica,48700000,48700000.0,Implementación avanzada: 75% a 99%,False,False
122175,25995,3,Gestión Pedagógica,7000000,7000000.0,Implementación avanzada: 75% a 99%,False,False
122176,25995,3,Gestión Pedagógica,100000,100000.0,Implementación adecuada: 50% a 74%,False,False
122177,25995,3,Gestión Pedagógica,27000000,27000000.0,Implementación completa: 100%,False,False
122178,25995,3,Liderazgo,15000000,15000000.0,Implementación avanzada: 75% a 99%,False,False
122179,25995,3,Liderazgo,12000000,12000000.0,Implementación avanzada: 75% a 99%,False,False
122180,25995,3,Liderazgo,4000000,4000000.0,Implementación completa: 100%,False,False
122181,25995,3,Liderazgo,100000,100000.0,Implementación adecuada: 50% a 74%,False,False
123225,26230,3,Convivencia Escolar,0,0.0,Implementación avanzada: 75% a 99%,False,False
123226,26230,3,Convivencia Escolar,0,0.0,Implementación avanzada: 75% a 99%,False,False
123227,26230,3,Gestión de Recursos,0,0.0,Implementación avanzada: 75% a 99%,False,False
123228,26230,3,Gestión de Recursos,0,0.0,Implementación avanzada: 75% a 99%,False,False
123229,26230,3,Gestión Pedagógica,0,0.0,Implementación avanzada: 75% a 99%,False,False
123230,26230,3,Gestión Pedagógica,0,0.0,Implementación avanzada: 75% a 99%,False,False
123231,26230,3,Liderazgo,0,0.0,Implementación avanzada: 75% a 99%,False,False
123232,26230,3,Liderazgo,0,0.0,Implementación avanzada: 75% a 99%,False,False
123233,26230,3,Liderazgo,0,0.0,Implementación avanzada: 75% a 99%,False,False
123234,26230,3,Liderazgo,0,0.0,Implementación avanzada: 75% a 99%,False,False
123583,26278,3,Convivencia Escolar,0,0.0,Implementación completa: 100%,False,False
123584,26278,3,Convivencia Escolar,0,0.0,Implementación completa: 100%,False,False
123585,26278,3,Gestión de Recursos,0,0.0,Implementación completa: 100%,False,False
123586,26278,3,Gestión de Recursos,0,0.0,Implementación completa: 100%,False,False
123587,26278,3,Gestión Pedagógica,0,0.0,Implementación completa: 100%,False,False
123588,26278,3,Gestión Pedagógica,0,0.0,Implementación completa: 100%,False,False
123589,26278,3,Liderazgo,0,0.0,Implementación completa: 100%,False,False
123590,26278,3,Liderazgo,0,0.0,Implementación completa: 100%,False,False
123778,26337,3,Convivencia Escolar,0,0.0,Implementación completa: 100%,False,False
123779,26337,3,Convivencia Escolar,0,0.0,Implementación completa: 100%,False,False
123780,26337,3,Gestión de Recursos,0,0.0,Implementación completa: 100%,False,False
123781,26337,3,Gestión de Recursos,0,0.0,Implementación avanzada: 75% a 99%,False,False
123782,26337,3,Gestión Pedagógica,0,0.0,Implementación completa: 100%,False,False
123783,26337,3,Gestión Pedagógica,0,0.0,Implementación completa: 100%,False,False
123784,26337,3,Liderazgo,0,0.0,Implementación completa: 100%,False,False
123785,26337,3,Liderazgo,0,0.0,Implementación avanzada: 75% a 99%,False,False
123877,26351,3,Convivencia Escolar,500000,0.0,Implementación completa: 100%,False,False
123878,26351,3,Convivencia Escolar,500000,0.0,Implementación avanzada: 75% a 99%,False,False
123879,26351,3,Convivencia Escolar,500000,0.0,Implementación avanzada: 75% a 99%,False,False
123880,26351,3,Convivencia Escolar,300000,0.0,Implementación avanzada: 75% a 99%,False,False
123881,26351,3,Convivencia Escolar,500000,0.0,Implementación completa: 100%,False,False
123882,26351,3,Gestión de Recursos,500000,0.0,Implementación parcial: 25% a 49%,False,False
123883,26351,3,Gestión de Recursos,500000,0.0,Implementación adecuada: 50% a 74%,False,False
123884,26351,3,Gestión de Recursos,500000,0.0,Implementación adecuada: 50% a 74%,False,False
123885,26351,3,Gestión de Recursos,1000000,0.0,Implementación avanzada: 75% a 99%,False,False
123886,26351,3,Gestión de Recursos,1000000,0.0,Implementación adecuada: 50% a 74%,False,False
123887,26351,3,Gestión Pedagógica,500000,0.0,Implementación avanzada: 75% a 99%,False,False
123888,26351,3,Gestión Pedagógica,500000,0.0,Implementación adecuada: 50% a 74%,False,False
123889,26351,3,Gestión Pedagógica,300000,0.0,Implementación completa: 100%,False,False
123890,26351,3,Gestión Pedagógica,1000000,0.0,Implementación completa: 100%,False,False
123891,26351,3,Gestión Pedagógica,1000000,0.0,Implementación adecuada: 50% a 74%,False,False
123892,26351,3,Gestión Pedagógica,1000000,0.0,Implementación completa: 100%,False,False
123893,26351,3,Liderazgo,500000,0.0,Implementación avanzada: 75% a 99%,False,False
123894,26351,3,Liderazgo,1000000,0.0,Implementación adecuada: 50% a 74%,False,False
123922,26359,3,Convivencia Escolar,0,0.0,Implementación adecuada: 50% a 74%,False,False
123923,26359,3,Convivencia Escolar,0,0.0,Implementación adecuada: 50% a 74%,False,False
123924,26359,3,Gestión de Recursos,0,0.0,Implementación no efectuada: 0%,False,False
123925,26359,3,Gestión de Recursos,0,0.0,Implementación no efectuada: 0%,False,False
123926,26359,3,Gestión Pedagógica,0,0.0,Implementación completa: 100%,False,False
123927,26359,3,Gestión Pedagógica,0,0.0,Implementación avanzada: 75% a 99%,False,False
123928,26359,3,Gestión Pedagógica,0,0.0,Implementación adecuada: 50% a 74%,False,False
123929,26359,3,Liderazgo,0,0.0,Implementación adecuada: 50% a 74%,False,False
123930,26359,3,Liderazgo,0,0.0,Implementación adecuada: 50% a 74%,False,False
124165,26384,3,Convivencia Escolar,800000,800000.0,Implementación completa: 100%,False,False
124166,26384,3,Convivencia Escolar,800000,800000.0,Implementación completa: 100%,False,False
124167,26384,3,Convivencia Escolar,800000,800000.0,Implementación completa: 100%,False,False
124168,26384,3,Convivencia Escolar,800000,800000.0,Implementación completa: 100%,False,False
124169,26384,3,Convivencia Escolar,800000,800000.0,Implementación completa: 100%,False,False
124170,26384,3,Convivencia Escolar,800000,800000.0,Implementación completa: 100%,False,False
124171,26384,3,Gestión de Recursos,5000000,5000000.0,Implementación avanzada: 75% a 99%,False,False
124172,26384,3,Gestión de Recursos,19000000,19000000.0,Implementación completa: 100%,False,False
124173,26384,3,Gestión de Recursos,1500000,1500000.0,Implementación completa: 100%,False,False
124174,26384,3,Gestión de Recursos,3000000,3000000.0,Implementación avanzada: 75% a 99%,False,False
124175,26384,3,Gestión Pedagógica,800000,800000.0,Implementación parcial: 25% a 49%,False,False
124176,26384,3,Gestión Pedagógica,800000,800000.0,Implementación completa: 100%,False,False
124177,26384,3,Gestión Pedagógica,800000,800000.0,Implementación avanzada: 75% a 99%,False,False
124178,26384,3,Gestión Pedagógica,800000,800000.0,Implementación adecuada: 50% a 74%,False,False
124179,26384,3,Gestión Pedagógica,800000,800000.0,Implementación completa: 100%,False,False
124180,26384,3,Gestión Pedagógica,1500000,1500000.0,Implementación completa: 100%,False,False
124181,26384,3,Gestión Pedagógica,800000,800000.0,Implementación completa: 100%,False,False
124182,26384,3,Liderazgo,800000,800000.0,Implementación completa: 100%,False,False
124183,26384,3,Liderazgo,800000,800000.0,Implementación completa: 100%,False,False
124184,26384,3,Liderazgo,1500000,1500000.0,Implementación completa: 100%,False,False
124185,26384,3,Liderazgo,800000,800000.0,Implementación completa: 100%,False,False
124186,26384,3,Liderazgo,1000000,1000000.0,Implementación completa: 100%,False,False
126726,31283,3,Convivencia Escolar,200000,0.0,Implementación avanzada: 75% a 99%,False,False
126727,31283,3,Convivencia Escolar,2000000,2000000.0,Implementación completa: 100%,False,False
126728,31283,3,Gestión de Recursos,0,0.0,Implementación completa: 100%,False,False
126729,31283,3,Gestión de Recursos,1500000,0.0,Implementación completa: 100%,False,False
126730,31283,3,Gestión Pedagógica,40000,0.0,Implementación completa: 100%,False,False
126731,31283,3,Gestión Pedagógica,4200000,4200000.0,Implementación completa: 100%,False,False
126732,31283,3,Gestión Pedagógica,60000,0.0,Implementación completa: 100%,False,False
126733,31283,3,Gestión Pedagógica,200000,0.0,Implementación completa: 100%,False,False
126734,31283,3,Gestión Pedagógica,3780000,3780000.0,Implementación completa: 100%,False,False
126735,31283,3,Liderazgo,3000000,0.0,Implementación completa: 100%,False,False
126736,31283,3,Liderazgo,5000000,5000000.0,Implementación avanzada: 75% a 99%,False,False
127450,31518,3,Convivencia Escolar,200000,0.0,Implementación avanzada: 75% a 99%,False,False
127451,31518,3,Convivencia Escolar,2000000,2000000.0,Implementación completa: 100%,False,False
127452,31518,3,Gestión de Recursos,0,0.0,Implementación completa: 100%,False,False
127453,31518,3,Gestión de Recursos,1500000,0.0,Implementación completa: 100%,False,False
127454,31518,3,Gestión Pedagógica,4500000,4500000.0,Implementación completa: 100%,False,False
127455,31518,3,Gestión Pedagógica,100000,0.0,Implementación completa: 100%,False,False
127456,31518,3,Gestión Pedagógica,40000,0.0,Implementación completa: 100%,False,False
127457,31518,3,Gestión Pedagógica,200000,0.0,Implementación completa: 100%,False,False
127458,31518,3,Gestión Pedagógica,3780000,3780000.0,Implementación completa: 100%,False,False
127459,31518,3,Liderazgo,3000000,0.0,Implementación completa: 100%,False,False
127460,31518,3,Liderazgo,5000000,5000000.0,Implementación avanzada: 75% a 99%,False,False
