anio,sector,oferta,rbd,sin_kpi_pme,sin_simce4b,sin_idps4b,sin_monto_oc
2022,Particular subvencionado,basica_media,36,36,36,36,36
2022,Particular subvencionado,especial,16,16,16,16,16
2022,Público,basica_media,8,8,8,8,0
2023,Particular subvencionado,basica_media,35,35,10,10,35
2023,Particular subvencionado,especial,17,17,17,17,17
2023,Público,basica_media,8,8,1,1,0
2024,Particular subvencionado,basica_media,34,4,9,10,34
2024,Particular subvencionado,especial,17,9,17,17,17
2024,Público,basica_media,8,0,1,1,0
2025,Particular subvencionado,basica_media,34,34,9,9,34
2025,Particular subvencionado,especial,17,17,17,17,17
2025,Público,basica_media,8,8,1,1,6
