fuente,grupo,n,extremos,limite_inferior,limite_superior
PME,CLP,767,57,-19133600.5,33222667.5
PME,log10(1+CLP),767,149,,
OC,2022,149,11,-1675823.4499999997,4097590.07
OC,2023,421,37,-1171491.9299999997,3143695.59
OC,2024,437,18,-1402893.9749999999,3490076.625
OC,2025,6,1,-10597991.25,19153674.75
SIMCE,2023 2m lect,23,0,189.5,305.5
SIMCE,2023 2m mate,23,0,195.25,305.25
SIMCE,2023 4b lect,32,0,218.5,312.5
SIMCE,2023 4b mate,32,0,179.0,323.0
SIMCE,2024 2m lect,24,0,189.5,305.5
SIMCE,2024 2m mate,24,0,193.625,306.625
SIMCE,2024 4b lect,32,0,230.5,318.5
SIMCE,2024 4b mate,32,0,200.625,311.625
SIMCE,2024 6b lect,32,0,188.625,305.625
SIMCE,2024 6b mate,32,2,186.0,290.0
SIMCE,2025 2m lect,24,0,191.75,307.75
SIMCE,2025 2m mate,24,0,186.0,324.0
SIMCE,2025 4b lect,32,0,219.0,325.0
SIMCE,2025 4b mate,32,1,212.25,294.25
SIMCE,2025 8b hist,32,0,201.375,294.375
SIMCE,2025 8b lect,32,1,196.375,277.375
SIMCE,2025 8b mate,32,0,169.0,327.0
IDPS,2023 2m AM,23,1,62.75,84.75
IDPS,2023 2m CC,23,1,62.0,86.0
IDPS,2023 2m HV,23,3,57.25,79.25
IDPS,2023 2m PF,23,1,63.75,89.75
IDPS,2023 4b AM,32,0,57.125,86.125
IDPS,2023 4b CC,32,0,63.5,85.5
IDPS,2023 4b HV,32,1,57.0,81.0
IDPS,2023 4b PF,32,0,62.625,87.625
IDPS,2024 2m AM,24,0,60.0,86.0
IDPS,2024 2m CC,24,0,58.0,90.0
IDPS,2024 2m HV,24,1,57.5,79.5
IDPS,2024 2m PF,24,0,63.625,88.625
IDPS,2024 4b AM,32,3,60.875,81.875
IDPS,2024 4b CC,31,0,58.0,90.0
IDPS,2024 4b HV,32,0,53.5,83.5
IDPS,2024 4b PF,32,0,61.5,89.5
IDPS,2024 6b AM,32,2,64.625,81.625
IDPS,2024 6b CC,31,0,62.5,86.5
IDPS,2024 6b HV,32,2,62.5,76.5
IDPS,2024 6b PF,32,2,66.875,87.875
IDPS,2025 2m AM,24,2,64.625,83.625
IDPS,2025 2m CC,24,1,63.625,88.625
IDPS,2025 2m HV,24,0,51.125,88.125
IDPS,2025 2m PF,24,5,70.375,85.375
IDPS,2025 4b AM,32,0,60.0,84.0
IDPS,2025 4b CC,32,0,61.375,86.375
IDPS,2025 4b HV,32,0,57.0,81.0
IDPS,2025 4b PF,32,3,65.5,85.5
IDPS,2025 8b AM,32,1,59.625,84.625
IDPS,2025 8b CC,30,2,60.5,86.5
IDPS,2025 8b HV,32,4,58.5,78.5
IDPS,2025 8b PF,32,0,57.875,94.875
