fila_excel,rbd,nombre,dimension,NOM_ACTIVIDAD,estimacion_clp,estado_declarado,extremo_iqr
73417,9801,COLEGIO POLIV. SAINT ORLAND,Gestión de Recursos,Conformación de equipos de trabajo,249000000,Implementación completa: 100%,True
73147,9779,CENTRO EDUCACIONAL SANTA ROSA,Gestión Pedagógica,4) Programa de Integración Escolar,235000000,Implementación completa: 100%,True
73873,9859,COLEGIO PARTICULAR VILLA JESUS,Gestión de Recursos,FORTALECIENDO EL EQUIPO DE TRABAJO PARA LA CONCRECIÓN DEL PME,200000000,Implementación completa: 100%,True
73205,9784,LICEO TÉCNICO INDUSTRIAL LA CISTERNA,Gestión de Recursos,ADQUISICIÓN DE RECURSOS TECNOLÓGICOS Y SOPORTE TÉCNICO PARA EL BUEN DESARROLLO DEL PME,145000000,Implementación avanzada: 75% a 99%,True
72391,9693,LICEO POLITECNICO CIENCIA Y TECNOLOGIA,Gestión de Recursos,"MANTENCION, IMPLEMENTACION Y EQUIPOS",144000000,Implementación completa: 100%,True
73239,9786,ROSA MARCKMANN DE GONZALEZ,Liderazgo,Gestión de administración de Personal,140000000,Implementación completa: 100%,True
73537,9811,ESCUELA PART. REPUBLICA ALEMANIA FEDERAL,Gestión de Recursos,ATENDIENDO LA DIVERSIDAD,130000000,Implementación completa: 100%,True
72483,9701,LICEO POLIVALENTE OLOF PALME,Gestión de Recursos,CALIDAD DEL EQUIPO PROFESIONAL Y ADMINISTRTIVO SEP,122000000,Implementación completa: 100%,True
72451,9699,COLEGIO NACIONES UNIDAS,Gestión de Recursos,"Provisión de recursos administrativos, educativos y de enseñanza N° 17",117000000,Implementación completa: 100%,True
72808,9730,COLEGIO ANTU,Gestión de Recursos,Sumando personas,100000000,Implementación adecuada: 50% a 74%,True
72393,9693,LICEO POLITECNICO CIENCIA Y TECNOLOGIA,Gestión Pedagógica,FORTALECIENDO COMPETENCIAS TÉCNICAS EN EL AULA,97000000,Implementación completa: 100%,True
73493,9809,ESCUELA PARTICULAR SAINT PHILLIP OF NERY,Gestión de Recursos,Área administrativa,90000000,Implementación adecuada: 50% a 74%,True
